{"type":"FeatureCollection","bbox":[0.0,0.0,-1.0,-1.0],"features":[{"type":"Feature","properties":{"median_tot_hhd_inc_weekly":1591,"median_mortgage_repay_monthly":1754,"median_rent_weekly":345,"sa2_main16":"212031302","median_tot_fam_inc_weekly":1662,"median_tot_prsnl_inc_weekly":668},"id":"sa2_g02_selected_medians_and_averages_census_2016.fid--2c16d5dc_1805a11d632_70f1"},{"type":"Feature","properties":{"median_tot_hhd_inc_weekly":1865,"median_mortgage_repay_monthly":2080,"median_rent_weekly":350,"sa2_main16":"212031303","median_tot_fam_inc_weekly":1990,"median_tot_prsnl_inc_weekly":742},"id":"sa2_g02_selected_medians_and_averages_census_2016.fid--2c16d5dc_1805a11d632_70f2"},{"type":"Feature","properties":{"median_tot_hhd_inc_weekly":1564,"median_mortgage_repay_monthly":1733,"median_rent_weekly":336,"sa2_main16":"212031304","median_tot_fam_inc_weekly":1600,"median_tot_prsnl_inc_weekly":707},"id":"sa2_g02_selected_medians_and_averages_census_2016.fid--2c16d5dc_1805a11d632_70f3"},{"type":"Feature","properties":{"median_tot_hhd_inc_weekly":1307,"median_mortgage_repay_monthly":1508,"median_rent_weekly":320,"sa2_main16":"212031305","median_tot_fam_inc_weekly":1358,"median_tot_prsnl_inc_weekly":540},"id":"sa2_g02_selected_medians_and_averages_census_2016.fid--2c16d5dc_1805a11d632_70f4"},{"type":"Feature","properties":{"median_tot_hhd_inc_weekly":1370,"median_mortgage_repay_monthly":1517,"median_rent_weekly":310,"sa2_main16":"213021342","median_tot_fam_inc_weekly":1586,"median_tot_prsnl_inc_weekly":592},"id":"sa2_g02_selected_medians_and_averages_census_2016.fid--2c16d5dc_1805a11d632_70f5"},{"type":"Feature","properties":{"median_tot_hhd_inc_weekly":1841,"median_mortgage_repay_monthly":2167,"median_rent_weekly":400,"sa2_main16":"206061136","median_tot_fam_inc_weekly":2530,"median_tot_prsnl_inc_weekly":1083},"id":"sa2_g02_selected_medians_and_averages_census_2016.fid--2c16d5dc_1805a11d632_70f6"},{"type":"Feature","properties":{"median_tot_hhd_inc_weekly":1712,"median_mortgage_repay_monthly":2180,"median_rent_weekly":400,"sa2_main16":"206071141","median_tot_fam_inc_weekly":2200,"median_tot_prsnl_inc_weekly":969},"id":"sa2_g02_selected_medians_and_averages_census_2016.fid--2c16d5dc_1805a11d632_70f7"},{"type":"Feature","properties":{"median_tot_hhd_inc_weekly":1129,"median_mortgage_repay_monthly":1638,"median_rent_weekly":315,"sa2_main16":"210031440","median_tot_fam_inc_weekly":1362,"median_tot_prsnl_inc_weekly":484},"id":"sa2_g02_selected_medians_and_averages_census_2016.fid--2c16d5dc_1805a11d632_70f8"},{"type":"Feature","properties":{"median_tot_hhd_inc_weekly":1708,"median_mortgage_repay_monthly":1603,"median_rent_weekly":315,"sa2_main16":"210041240","median_tot_fam_inc_weekly":1903,"median_tot_prsnl_inc_weekly":689},"id":"sa2_g02_selected_medians_and_averages_census_2016.fid--2c16d5dc_1805a11d632_70f9"},{"type":"Feature","properties":{"median_tot_hhd_inc_weekly":1510,"median_mortgage_repay_monthly":1600,"median_rent_weekly":315,"sa2_main16":"210041241","median_tot_fam_inc_weekly":1803,"median_tot_prsnl_inc_weekly":698},"id":"sa2_g02_selected_medians_and_averages_census_2016.fid--2c16d5dc_1805a11d632_70fa"},{"type":"Feature","properties":{"median_tot_hhd_inc_weekly":1715,"median_mortgage_repay_monthly":2286,"median_rent_weekly":400,"sa2_main16":"206071142","median_tot_fam_inc_weekly":2223,"median_tot_prsnl_inc_weekly":925},"id":"sa2_g02_selected_medians_and_averages_census_2016.fid--2c16d5dc_1805a11d632_70fb"},{"type":"Feature","properties":{"median_tot_hhd_inc_weekly":1688,"median_mortgage_repay_monthly":2000,"median_rent_weekly":395,"sa2_main16":"208021180","median_tot_fam_inc_weekly":2073,"median_tot_prsnl_inc_weekly":699},"id":"sa2_g02_selected_medians_and_averages_census_2016.fid--2c16d5dc_1805a11d632_70fc"},{"type":"Feature","properties":{"median_tot_hhd_inc_weekly":2104,"median_mortgage_repay_monthly":2048,"median_rent_weekly":380,"sa2_main16":"213051466","median_tot_fam_inc_weekly":2125,"median_tot_prsnl_inc_weekly":876},"id":"sa2_g02_selected_medians_and_averages_census_2016.fid--2c16d5dc_1805a11d632_70ff"},{"type":"Feature","properties":{"median_tot_hhd_inc_weekly":1516,"median_mortgage_repay_monthly":2000,"median_rent_weekly":351,"sa2_main16":"207031162","median_tot_fam_inc_weekly":1964,"median_tot_prsnl_inc_weekly":612},"id":"sa2_g02_selected_medians_and_averages_census_2016.fid--2c16d5dc_1805a11d632_7100"},{"type":"Feature","properties":{"median_tot_hhd_inc_weekly":2147,"median_mortgage_repay_monthly":2300,"median_rent_weekly":411,"sa2_main16":"207031167","median_tot_fam_inc_weekly":2685,"median_tot_prsnl_inc_weekly":870},"id":"sa2_g02_selected_medians_and_averages_census_2016.fid--2c16d5dc_1805a11d632_7101"},{"type":"Feature","properties":{"median_tot_hhd_inc_weekly":2180,"median_mortgage_repay_monthly":2500,"median_rent_weekly":508,"sa2_main16":"208011170","median_tot_fam_inc_weekly":2724,"median_tot_prsnl_inc_weekly":856},"id":"sa2_g02_selected_medians_and_averages_census_2016.fid--2c16d5dc_1805a11d632_7102"},{"type":"Feature","properties":{"median_tot_hhd_inc_weekly":1724,"median_mortgage_repay_monthly":2167,"median_rent_weekly":365,"sa2_main16":"208011171","median_tot_fam_inc_weekly":2300,"median_tot_prsnl_inc_weekly":809},"id":"sa2_g02_selected_medians_and_averages_census_2016.fid--2c16d5dc_1805a11d632_7111"},{"type":"Feature","properties":{"median_tot_hhd_inc_weekly":2031,"median_mortgage_repay_monthly":2500,"median_rent_weekly":400,"sa2_main16":"208011172","median_tot_fam_inc_weekly":2697,"median_tot_prsnl_inc_weekly":819},"id":"sa2_g02_selected_medians_and_averages_census_2016.fid--2c16d5dc_1805a11d632_7112"},{"type":"Feature","properties":{"median_tot_hhd_inc_weekly":1725,"median_mortgage_repay_monthly":2058,"median_rent_weekly":401,"sa2_main16":"206011105","median_tot_fam_inc_weekly":2208,"median_tot_prsnl_inc_weekly":823},"id":"sa2_g02_selected_medians_and_averages_census_2016.fid--2c16d5dc_1805a11d632_7113"},{"type":"Feature","properties":{"median_tot_hhd_inc_weekly":1723,"median_mortgage_repay_monthly":2000,"median_rent_weekly":400,"sa2_main16":"206011106","median_tot_fam_inc_weekly":2205,"median_tot_prsnl_inc_weekly":906},"id":"sa2_g02_selected_medians_and_averages_census_2016.fid--2c16d5dc_1805a11d632_7114"},{"type":"Feature","properties":{"median_tot_hhd_inc_weekly":1840,"median_mortgage_repay_monthly":2000,"median_rent_weekly":378,"sa2_main16":"206011109","median_tot_fam_inc_weekly":2164,"median_tot_prsnl_inc_weekly":723},"id":"sa2_g02_selected_medians_and_averages_census_2016.fid--2c16d5dc_1805a11d632_7115"},{"type":"Feature","properties":{"median_tot_hhd_inc_weekly":1868,"median_mortgage_repay_monthly":2167,"median_rent_weekly":501,"sa2_main16":"206041118","median_tot_fam_inc_weekly":2251,"median_tot_prsnl_inc_weekly":970},"id":"sa2_g02_selected_medians_and_averages_census_2016.fid--2c16d5dc_1805a11d632_7116"},{"type":"Feature","properties":{"median_tot_hhd_inc_weekly":2285,"median_mortgage_repay_monthly":2192,"median_rent_weekly":451,"sa2_main16":"206041119","median_tot_fam_inc_weekly":3120,"median_tot_prsnl_inc_weekly":1341},"id":"sa2_g02_selected_medians_and_averages_census_2016.fid--2c16d5dc_1805a11d632_7117"},{"type":"Feature","properties":{"median_tot_hhd_inc_weekly":1792,"median_mortgage_repay_monthly":1991,"median_rent_weekly":375,"sa2_main16":"206041120","median_tot_fam_inc_weekly":2333,"median_tot_prsnl_inc_weekly":1062},"id":"sa2_g02_selected_medians_and_averages_census_2016.fid--2c16d5dc_1805a11d632_7118"},{"type":"Feature","properties":{"median_tot_hhd_inc_weekly":2018,"median_mortgage_repay_monthly":2000,"median_rent_weekly":420,"sa2_main16":"206041125","median_tot_fam_inc_weekly":2815,"median_tot_prsnl_inc_weekly":1220},"id":"sa2_g02_selected_medians_and_averages_census_2016.fid--2c16d5dc_1805a11d632_7119"},{"type":"Feature","properties":{"median_tot_hhd_inc_weekly":1705,"median_mortgage_repay_monthly":2124,"median_rent_weekly":421,"sa2_main16":"208021427","median_tot_fam_inc_weekly":2036,"median_tot_prsnl_inc_weekly":717},"id":"sa2_g02_selected_medians_and_averages_census_2016.fid--2c16d5dc_1805a11d632_711a"},{"type":"Feature","properties":{"median_tot_hhd_inc_weekly":1830,"median_mortgage_repay_monthly":2167,"median_rent_weekly":430,"sa2_main16":"208021174","median_tot_fam_inc_weekly":2298,"median_tot_prsnl_inc_weekly":740},"id":"sa2_g02_selected_medians_and_averages_census_2016.fid--2c16d5dc_1805a11d632_711b"},{"type":"Feature","properties":{"median_tot_hhd_inc_weekly":2039,"median_mortgage_repay_monthly":2000,"median_rent_weekly":452,"sa2_main16":"208031183","median_tot_fam_inc_weekly":2180,"median_tot_prsnl_inc_weekly":702},"id":"sa2_g02_selected_medians_and_averages_census_2016.fid--2c16d5dc_1805a11d632_711c"},{"type":"Feature","properties":{"median_tot_hhd_inc_weekly":1656,"median_mortgage_repay_monthly":2000,"median_rent_weekly":341,"sa2_main16":"208021181","median_tot_fam_inc_weekly":2202,"median_tot_prsnl_inc_weekly":778},"id":"sa2_g02_selected_medians_and_averages_census_2016.fid--2c16d5dc_1805a11d632_711d"},{"type":"Feature","properties":{"median_tot_hhd_inc_weekly":900,"median_mortgage_repay_monthly":0,"median_rent_weekly":357,"sa2_main16":"208031184","median_tot_fam_inc_weekly":2074,"median_tot_prsnl_inc_weekly":900},"id":"sa2_g02_selected_medians_and_averages_census_2016.fid--2c16d5dc_1805a11d632_711e"},{"type":"Feature","properties":{"median_tot_hhd_inc_weekly":1857,"median_mortgage_repay_monthly":2000,"median_rent_weekly":512,"sa2_main16":"206041126","median_tot_fam_inc_weekly":2296,"median_tot_prsnl_inc_weekly":981},"id":"sa2_g02_selected_medians_and_averages_census_2016.fid--2c16d5dc_1805a11d632_711f"},{"type":"Feature","properties":{"median_tot_hhd_inc_weekly":1515,"median_mortgage_repay_monthly":1800,"median_rent_weekly":340,"sa2_main16":"208031187","median_tot_fam_inc_weekly":1806,"median_tot_prsnl_inc_weekly":674},"id":"sa2_g02_selected_medians_and_averages_census_2016.fid--2c16d5dc_1805a11d632_7120"},{"type":"Feature","properties":{"median_tot_hhd_inc_weekly":1477,"median_mortgage_repay_monthly":2000,"median_rent_weekly":358,"sa2_main16":"208021176","median_tot_fam_inc_weekly":2051,"median_tot_prsnl_inc_weekly":729},"id":"sa2_g02_selected_medians_and_averages_census_2016.fid--2c16d5dc_1805a11d632_7128"},{"type":"Feature","properties":{"median_tot_hhd_inc_weekly":1636,"median_mortgage_repay_monthly":2000,"median_rent_weekly":370,"sa2_main16":"206011108","median_tot_fam_inc_weekly":1990,"median_tot_prsnl_inc_weekly":674},"id":"sa2_g02_selected_medians_and_averages_census_2016.fid--2c16d5dc_1805a11d632_712f"},{"type":"Feature","properties":{"median_tot_hhd_inc_weekly":1416,"median_mortgage_repay_monthly":1982,"median_rent_weekly":321,"sa2_main16":"206011107","median_tot_fam_inc_weekly":1964,"median_tot_prsnl_inc_weekly":742},"id":"sa2_g02_selected_medians_and_averages_census_2016.fid--2c16d5dc_1805a11d632_7136"},{"type":"Feature","properties":{"median_tot_hhd_inc_weekly":1818,"median_mortgage_repay_monthly":2000,"median_rent_weekly":345,"sa2_main16":"206021110","median_tot_fam_inc_weekly":2447,"median_tot_prsnl_inc_weekly":855},"id":"sa2_g02_selected_medians_and_averages_census_2016.fid--2c16d5dc_1805a11d632_7137"},{"type":"Feature","properties":{"median_tot_hhd_inc_weekly":1553,"median_mortgage_repay_monthly":2000,"median_rent_weekly":360,"sa2_main16":"208021182","median_tot_fam_inc_weekly":2078,"median_tot_prsnl_inc_weekly":753},"id":"sa2_g02_selected_medians_and_averages_census_2016.fid--2c16d5dc_1805a11d632_7138"},{"type":"Feature","properties":{"median_tot_hhd_inc_weekly":1862,"median_mortgage_repay_monthly":2167,"median_rent_weekly":404,"sa2_main16":"206021111","median_tot_fam_inc_weekly":2413,"median_tot_prsnl_inc_weekly":881},"id":"sa2_g02_selected_medians_and_averages_census_2016.fid--2c16d5dc_1805a11d632_7139"},{"type":"Feature","properties":{"median_tot_hhd_inc_weekly":0,"median_mortgage_repay_monthly":0,"median_rent_weekly":0,"sa2_main16":"206041127","median_tot_fam_inc_weekly":0,"median_tot_prsnl_inc_weekly":0},"id":"sa2_g02_selected_medians_and_averages_census_2016.fid--2c16d5dc_1805a11d632_713a"},{"type":"Feature","properties":{"median_tot_hhd_inc_weekly":1537,"median_mortgage_repay_monthly":2000,"median_rent_weekly":340,"sa2_main16":"206021112","median_tot_fam_inc_weekly":2059,"median_tot_prsnl_inc_weekly":773},"id":"sa2_g02_selected_medians_and_averages_census_2016.fid--2c16d5dc_1805a11d632_713b"},{"type":"Feature","properties":{"median_tot_hhd_inc_weekly":2190,"median_mortgage_repay_monthly":2500,"median_rent_weekly":496,"sa2_main16":"206051130","median_tot_fam_inc_weekly":2852,"median_tot_prsnl_inc_weekly":1223},"id":"sa2_g02_selected_medians_and_averages_census_2016.fid--2c16d5dc_1805a11d632_713c"},{"type":"Feature","properties":{"median_tot_hhd_inc_weekly":1757,"median_mortgage_repay_monthly":2178,"median_rent_weekly":326,"sa2_main16":"206031113","median_tot_fam_inc_weekly":2313,"median_tot_prsnl_inc_weekly":824},"id":"sa2_g02_selected_medians_and_averages_census_2016.fid--2c16d5dc_1805a11d632_713d"},{"type":"Feature","properties":{"median_tot_hhd_inc_weekly":1795,"median_mortgage_repay_monthly":2167,"median_rent_weekly":345,"sa2_main16":"206031114","median_tot_fam_inc_weekly":2350,"median_tot_prsnl_inc_weekly":858},"id":"sa2_g02_selected_medians_and_averages_census_2016.fid--2c16d5dc_1805a11d632_713e"},{"type":"Feature","properties":{"median_tot_hhd_inc_weekly":1265,"median_mortgage_repay_monthly":1990,"median_rent_weekly":300,"sa2_main16":"206031115","median_tot_fam_inc_weekly":1622,"median_tot_prsnl_inc_weekly":643},"id":"sa2_g02_selected_medians_and_averages_census_2016.fid--2c16d5dc_1805a11d632_713f"},{"type":"Feature","properties":{"median_tot_hhd_inc_weekly":1861,"median_mortgage_repay_monthly":2167,"median_rent_weekly":366,"sa2_main16":"206031116","median_tot_fam_inc_weekly":2424,"median_tot_prsnl_inc_weekly":860},"id":"sa2_g02_selected_medians_and_averages_census_2016.fid--2c16d5dc_1805a11d632_7140"},{"type":"Feature","properties":{"median_tot_hhd_inc_weekly":561,"median_mortgage_repay_monthly":1869,"median_rent_weekly":380,"sa2_main16":"206041117","median_tot_fam_inc_weekly":1359,"median_tot_prsnl_inc_weekly":338},"id":"sa2_g02_selected_medians_and_averages_census_2016.fid--2c16d5dc_1805a11d632_7141"},{"type":"Feature","properties":{"median_tot_hhd_inc_weekly":1956,"median_mortgage_repay_monthly":2019,"median_rent_weekly":392,"sa2_main16":"206041121","median_tot_fam_inc_weekly":2480,"median_tot_prsnl_inc_weekly":1012},"id":"sa2_g02_selected_medians_and_averages_census_2016.fid--2c16d5dc_1805a11d632_7142"},{"type":"Feature","properties":{"median_tot_hhd_inc_weekly":977,"median_mortgage_repay_monthly":1700,"median_rent_weekly":459,"sa2_main16":"206041122","median_tot_fam_inc_weekly":1427,"median_tot_prsnl_inc_weekly":434},"id":"sa2_g02_selected_medians_and_averages_census_2016.fid--2c16d5dc_1805a11d632_7143"},{"type":"Feature","properties":{"median_tot_hhd_inc_weekly":2007,"median_mortgage_repay_monthly":2400,"median_rent_weekly":381,"sa2_main16":"206061135","median_tot_fam_inc_weekly":2738,"median_tot_prsnl_inc_weekly":1064},"id":"sa2_g02_selected_medians_and_averages_census_2016.fid--2c16d5dc_1805a11d632_7144"},{"type":"Feature","properties":{"median_tot_hhd_inc_weekly":1379,"median_mortgage_repay_monthly":2058,"median_rent_weekly":400,"sa2_main16":"206041123","median_tot_fam_inc_weekly":2048,"median_tot_prsnl_inc_weekly":646},"id":"sa2_g02_selected_medians_and_averages_census_2016.fid--2c16d5dc_1805a11d632_7145"},{"type":"Feature","properties":{"median_tot_hhd_inc_weekly":1610,"median_mortgage_repay_monthly":2000,"median_rent_weekly":400,"sa2_main16":"206041124","median_tot_fam_inc_weekly":2195,"median_tot_prsnl_inc_weekly":437},"id":"sa2_g02_selected_medians_and_averages_census_2016.fid--2c16d5dc_1805a11d632_7146"},{"type":"Feature","properties":{"median_tot_hhd_inc_weekly":2185,"median_mortgage_repay_monthly":2500,"median_rent_weekly":500,"sa2_main16":"206051128","median_tot_fam_inc_weekly":2946,"median_tot_prsnl_inc_weekly":1180},"id":"sa2_g02_selected_medians_and_averages_census_2016.fid--2c16d5dc_1805a11d632_7147"},{"type":"Feature","properties":{"median_tot_hhd_inc_weekly":1893,"median_mortgage_repay_monthly":2167,"median_rent_weekly":390,"sa2_main16":"206051129","median_tot_fam_inc_weekly":2635,"median_tot_prsnl_inc_weekly":1164},"id":"sa2_g02_selected_medians_and_averages_census_2016.fid--2c16d5dc_1805a11d632_7148"},{"type":"Feature","properties":{"median_tot_hhd_inc_weekly":1874,"median_mortgage_repay_monthly":0,"median_rent_weekly":0,"sa2_main16":"206051131","median_tot_fam_inc_weekly":0,"median_tot_prsnl_inc_weekly":1625},"id":"sa2_g02_selected_medians_and_averages_census_2016.fid--2c16d5dc_1805a11d632_7149"},{"type":"Feature","properties":{"median_tot_hhd_inc_weekly":1868,"median_mortgage_repay_monthly":2167,"median_rent_weekly":438,"sa2_main16":"206051132","median_tot_fam_inc_weekly":2663,"median_tot_prsnl_inc_weekly":1068},"id":"sa2_g02_selected_medians_and_averages_census_2016.fid--2c16d5dc_1805a11d632_714a"},{"type":"Feature","properties":{"median_tot_hhd_inc_weekly":1625,"median_mortgage_repay_monthly":2000,"median_rent_weekly":375,"sa2_main16":"206051133","median_tot_fam_inc_weekly":2333,"median_tot_prsnl_inc_weekly":1020},"id":"sa2_g02_selected_medians_and_averages_census_2016.fid--2c16d5dc_1805a11d632_714b"},{"type":"Feature","properties":{"median_tot_hhd_inc_weekly":1636,"median_mortgage_repay_monthly":2000,"median_rent_weekly":360,"sa2_main16":"206051134","median_tot_fam_inc_weekly":2283,"median_tot_prsnl_inc_weekly":981},"id":"sa2_g02_selected_medians_and_averages_census_2016.fid--2c16d5dc_1805a11d632_714c"},{"type":"Feature","properties":{"median_tot_hhd_inc_weekly":1769,"median_mortgage_repay_monthly":2000,"median_rent_weekly":410,"sa2_main16":"206061137","median_tot_fam_inc_weekly":2399,"median_tot_prsnl_inc_weekly":1104},"id":"sa2_g02_selected_medians_and_averages_census_2016.fid--2c16d5dc_1805a11d632_714d"},{"type":"Feature","properties":{"median_tot_hhd_inc_weekly":2313,"median_mortgage_repay_monthly":2500,"median_rent_weekly":431,"sa2_main16":"206061138","median_tot_fam_inc_weekly":3340,"median_tot_prsnl_inc_weekly":1217},"id":"sa2_g02_selected_medians_and_averages_census_2016.fid--2c16d5dc_1805a11d632_714e"},{"type":"Feature","properties":{"median_tot_hhd_inc_weekly":2001,"median_mortgage_repay_monthly":2142,"median_rent_weekly":426,"sa2_main16":"206071139","median_tot_fam_inc_weekly":2459,"median_tot_prsnl_inc_weekly":1068},"id":"sa2_g02_selected_medians_and_averages_census_2016.fid--2c16d5dc_1805a11d632_714f"},{"type":"Feature","properties":{"median_tot_hhd_inc_weekly":1991,"median_mortgage_repay_monthly":2167,"median_rent_weekly":490,"sa2_main16":"206071140","median_tot_fam_inc_weekly":2594,"median_tot_prsnl_inc_weekly":968},"id":"sa2_g02_selected_medians_and_averages_census_2016.fid--2c16d5dc_1805a11d632_7150"},{"type":"Feature","properties":{"median_tot_hhd_inc_weekly":1920,"median_mortgage_repay_monthly":2167,"median_rent_weekly":440,"sa2_main16":"206071143","median_tot_fam_inc_weekly":2603,"median_tot_prsnl_inc_weekly":1001},"id":"sa2_g02_selected_medians_and_averages_census_2016.fid--2c16d5dc_1805a11d632_7151"},{"type":"Feature","properties":{"median_tot_hhd_inc_weekly":2015,"median_mortgage_repay_monthly":2200,"median_rent_weekly":416,"sa2_main16":"206071144","median_tot_fam_inc_weekly":2551,"median_tot_prsnl_inc_weekly":1102},"id":"sa2_g02_selected_medians_and_averages_census_2016.fid--2c16d5dc_1805a11d632_7152"},{"type":"Feature","properties":{"median_tot_hhd_inc_weekly":2193,"median_mortgage_repay_monthly":2300,"median_rent_weekly":438,"sa2_main16":"206071145","median_tot_fam_inc_weekly":2842,"median_tot_prsnl_inc_weekly":1066},"id":"sa2_g02_selected_medians_and_averages_census_2016.fid--2c16d5dc_1805a11d632_7153"},{"type":"Feature","properties":{"median_tot_hhd_inc_weekly":2251,"median_mortgage_repay_monthly":2500,"median_rent_weekly":400,"sa2_main16":"207011146","median_tot_fam_inc_weekly":2754,"median_tot_prsnl_inc_weekly":818},"id":"sa2_g02_selected_medians_and_averages_census_2016.fid--2c16d5dc_1805a11d632_7154"},{"type":"Feature","properties":{"median_tot_hhd_inc_weekly":1737,"median_mortgage_repay_monthly":2500,"median_rent_weekly":406,"sa2_main16":"207011147","median_tot_fam_inc_weekly":2217,"median_tot_prsnl_inc_weekly":723},"id":"sa2_g02_selected_medians_and_averages_census_2016.fid--2c16d5dc_1805a11d632_7155"},{"type":"Feature","properties":{"median_tot_hhd_inc_weekly":2212,"median_mortgage_repay_monthly":2500,"median_rent_weekly":440,"sa2_main16":"207011149","median_tot_fam_inc_weekly":2791,"median_tot_prsnl_inc_weekly":854},"id":"sa2_g02_selected_medians_and_averages_census_2016.fid--2c16d5dc_1805a11d632_7156"},{"type":"Feature","properties":{"median_tot_hhd_inc_weekly":1996,"median_mortgage_repay_monthly":2500,"median_rent_weekly":481,"sa2_main16":"207011148","median_tot_fam_inc_weekly":2268,"median_tot_prsnl_inc_weekly":702},"id":"sa2_g02_selected_medians_and_averages_census_2016.fid--2c16d5dc_1805a11d632_7157"},{"type":"Feature","properties":{"median_tot_hhd_inc_weekly":2205,"median_mortgage_repay_monthly":2500,"median_rent_weekly":438,"sa2_main16":"207011153","median_tot_fam_inc_weekly":2787,"median_tot_prsnl_inc_weekly":922},"id":"sa2_g02_selected_medians_and_averages_census_2016.fid--2c16d5dc_1805a11d632_7158"},{"type":"Feature","properties":{"median_tot_hhd_inc_weekly":2438,"median_mortgage_repay_monthly":2529,"median_rent_weekly":470,"sa2_main16":"207011150","median_tot_fam_inc_weekly":3007,"median_tot_prsnl_inc_weekly":965},"id":"sa2_g02_selected_medians_and_averages_census_2016.fid--2c16d5dc_1805a11d632_7159"},{"type":"Feature","properties":{"median_tot_hhd_inc_weekly":1821,"median_mortgage_repay_monthly":2200,"median_rent_weekly":371,"sa2_main16":"207011151","median_tot_fam_inc_weekly":2661,"median_tot_prsnl_inc_weekly":953},"id":"sa2_g02_selected_medians_and_averages_census_2016.fid--2c16d5dc_1805a11d632_715a"},{"type":"Feature","properties":{"median_tot_hhd_inc_weekly":1950,"median_mortgage_repay_monthly":2300,"median_rent_weekly":391,"sa2_main16":"207011152","median_tot_fam_inc_weekly":2659,"median_tot_prsnl_inc_weekly":971},"id":"sa2_g02_selected_medians_and_averages_census_2016.fid--2c16d5dc_1805a11d632_715b"},{"type":"Feature","properties":{"median_tot_hhd_inc_weekly":2152,"median_mortgage_repay_monthly":2500,"median_rent_weekly":429,"sa2_main16":"207011154","median_tot_fam_inc_weekly":2596,"median_tot_prsnl_inc_weekly":840},"id":"sa2_g02_selected_medians_and_averages_census_2016.fid--2c16d5dc_1805a11d632_715c"},{"type":"Feature","properties":{"median_tot_hhd_inc_weekly":2341,"median_mortgage_repay_monthly":2600,"median_rent_weekly":416,"sa2_main16":"207011155","median_tot_fam_inc_weekly":2961,"median_tot_prsnl_inc_weekly":910},"id":"sa2_g02_selected_medians_and_averages_census_2016.fid--2c16d5dc_1805a11d632_715d"},{"type":"Feature","properties":{"median_tot_hhd_inc_weekly":1501,"median_mortgage_repay_monthly":2000,"median_rent_weekly":400,"sa2_main16":"207021156","median_tot_fam_inc_weekly":1811,"median_tot_prsnl_inc_weekly":604},"id":"sa2_g02_selected_medians_and_averages_census_2016.fid--2c16d5dc_1805a11d632_715e"},{"type":"Feature","properties":{"median_tot_hhd_inc_weekly":1364,"median_mortgage_repay_monthly":2000,"median_rent_weekly":420,"sa2_main16":"207021157","median_tot_fam_inc_weekly":1580,"median_tot_prsnl_inc_weekly":572},"id":"sa2_g02_selected_medians_and_averages_census_2016.fid--2c16d5dc_1805a11d632_715f"},{"type":"Feature","properties":{"median_tot_hhd_inc_weekly":1916,"median_mortgage_repay_monthly":2167,"median_rent_weekly":451,"sa2_main16":"207021159","median_tot_fam_inc_weekly":2090,"median_tot_prsnl_inc_weekly":682},"id":"sa2_g02_selected_medians_and_averages_census_2016.fid--2c16d5dc_1805a11d632_7160"},{"type":"Feature","properties":{"median_tot_hhd_inc_weekly":1596,"median_mortgage_repay_monthly":2064,"median_rent_weekly":420,"sa2_main16":"207021160","median_tot_fam_inc_weekly":1868,"median_tot_prsnl_inc_weekly":636},"id":"sa2_g02_selected_medians_and_averages_census_2016.fid--2c16d5dc_1805a11d632_7161"},{"type":"Feature","properties":{"median_tot_hhd_inc_weekly":1743,"median_mortgage_repay_monthly":2100,"median_rent_weekly":455,"sa2_main16":"207021424","median_tot_fam_inc_weekly":1880,"median_tot_prsnl_inc_weekly":593},"id":"sa2_g02_selected_medians_and_averages_census_2016.fid--2c16d5dc_1805a11d632_7162"},{"type":"Feature","properties":{"median_tot_hhd_inc_weekly":1316,"median_mortgage_repay_monthly":2000,"median_rent_weekly":401,"sa2_main16":"207021425","median_tot_fam_inc_weekly":1528,"median_tot_prsnl_inc_weekly":547},"id":"sa2_g02_selected_medians_and_averages_census_2016.fid--2c16d5dc_1805a11d632_7163"},{"type":"Feature","properties":{"median_tot_hhd_inc_weekly":1693,"median_mortgage_repay_monthly":2000,"median_rent_weekly":381,"sa2_main16":"207031161","median_tot_fam_inc_weekly":2110,"median_tot_prsnl_inc_weekly":709},"id":"sa2_g02_selected_medians_and_averages_census_2016.fid--2c16d5dc_1805a11d632_7164"},{"type":"Feature","properties":{"median_tot_hhd_inc_weekly":1200,"median_mortgage_repay_monthly":2000,"median_rent_weekly":356,"sa2_main16":"207031163","median_tot_fam_inc_weekly":1655,"median_tot_prsnl_inc_weekly":522},"id":"sa2_g02_selected_medians_and_averages_census_2016.fid--2c16d5dc_1805a11d632_7165"},{"type":"Feature","properties":{"median_tot_hhd_inc_weekly":1922,"median_mortgage_repay_monthly":2167,"median_rent_weekly":400,"sa2_main16":"208021177","median_tot_fam_inc_weekly":2511,"median_tot_prsnl_inc_weekly":872},"id":"sa2_g02_selected_medians_and_averages_census_2016.fid--2c16d5dc_1805a11d632_7166"},{"type":"Feature","properties":{"median_tot_hhd_inc_weekly":1544,"median_mortgage_repay_monthly":2000,"median_rent_weekly":391,"sa2_main16":"207031164","median_tot_fam_inc_weekly":1905,"median_tot_prsnl_inc_weekly":633},"id":"sa2_g02_selected_medians_and_averages_census_2016.fid--2c16d5dc_1805a11d632_7167"},{"type":"Feature","properties":{"median_tot_hhd_inc_weekly":1126,"median_mortgage_repay_monthly":2000,"median_rent_weekly":381,"sa2_main16":"207031165","median_tot_fam_inc_weekly":1629,"median_tot_prsnl_inc_weekly":417},"id":"sa2_g02_selected_medians_and_averages_census_2016.fid--2c16d5dc_1805a11d632_7168"},{"type":"Feature","properties":{"median_tot_hhd_inc_weekly":1373,"median_mortgage_repay_monthly":2000,"median_rent_weekly":400,"sa2_main16":"207031166","median_tot_fam_inc_weekly":1605,"median_tot_prsnl_inc_weekly":514},"id":"sa2_g02_selected_medians_and_averages_census_2016.fid--2c16d5dc_1805a11d632_7169"},{"type":"Feature","properties":{"median_tot_hhd_inc_weekly":1763,"median_mortgage_repay_monthly":2123,"median_rent_weekly":430,"sa2_main16":"208021426","median_tot_fam_inc_weekly":2082,"median_tot_prsnl_inc_weekly":708},"id":"sa2_g02_selected_medians_and_averages_census_2016.fid--2c16d5dc_1805a11d632_716a"},{"type":"Feature","properties":{"median_tot_hhd_inc_weekly":2213,"median_mortgage_repay_monthly":2600,"median_rent_weekly":540,"sa2_main16":"208011168","median_tot_fam_inc_weekly":2701,"median_tot_prsnl_inc_weekly":867},"id":"sa2_g02_selected_medians_and_averages_census_2016.fid--2c16d5dc_1805a11d632_716b"},{"type":"Feature","properties":{"median_tot_hhd_inc_weekly":1911,"median_mortgage_repay_monthly":2300,"median_rent_weekly":420,"sa2_main16":"208021178","median_tot_fam_inc_weekly":2456,"median_tot_prsnl_inc_weekly":835},"id":"sa2_g02_selected_medians_and_averages_census_2016.fid--2c16d5dc_1805a11d632_716c"},{"type":"Feature","properties":{"median_tot_hhd_inc_weekly":2409,"median_mortgage_repay_monthly":2992,"median_rent_weekly":521,"sa2_main16":"208011169","median_tot_fam_inc_weekly":3351,"median_tot_prsnl_inc_weekly":1051},"id":"sa2_g02_selected_medians_and_averages_census_2016.fid--2c16d5dc_1805a11d632_716d"},{"type":"Feature","properties":{"median_tot_hhd_inc_weekly":1877,"median_mortgage_repay_monthly":2167,"median_rent_weekly":380,"sa2_main16":"208021179","median_tot_fam_inc_weekly":2571,"median_tot_prsnl_inc_weekly":963},"id":"sa2_g02_selected_medians_and_averages_census_2016.fid--2c16d5dc_1805a11d632_716e"},{"type":"Feature","properties":{"median_tot_hhd_inc_weekly":2111,"median_mortgage_repay_monthly":2500,"median_rent_weekly":430,"sa2_main16":"208011173","median_tot_fam_inc_weekly":2803,"median_tot_prsnl_inc_weekly":927},"id":"sa2_g02_selected_medians_and_averages_census_2016.fid--2c16d5dc_1805a11d632_716f"},{"type":"Feature","properties":{"median_tot_hhd_inc_weekly":1547,"median_mortgage_repay_monthly":1950,"median_rent_weekly":360,"sa2_main16":"208031185","median_tot_fam_inc_weekly":1984,"median_tot_prsnl_inc_weekly":754},"id":"sa2_g02_selected_medians_and_averages_census_2016.fid--2c16d5dc_1805a11d632_7170"},{"type":"Feature","properties":{"median_tot_hhd_inc_weekly":1376,"median_mortgage_repay_monthly":1828,"median_rent_weekly":323,"sa2_main16":"208031186","median_tot_fam_inc_weekly":1902,"median_tot_prsnl_inc_weekly":756},"id":"sa2_g02_selected_medians_and_averages_census_2016.fid--2c16d5dc_1805a11d632_7171"},{"type":"Feature","properties":{"median_tot_hhd_inc_weekly":1466,"median_mortgage_repay_monthly":2000,"median_rent_weekly":370,"sa2_main16":"208031188","median_tot_fam_inc_weekly":1940,"median_tot_prsnl_inc_weekly":708},"id":"sa2_g02_selected_medians_and_averages_census_2016.fid--2c16d5dc_1805a11d632_7172"},{"type":"Feature","properties":{"median_tot_hhd_inc_weekly":1521,"median_mortgage_repay_monthly":2000,"median_rent_weekly":350,"sa2_main16":"208031190","median_tot_fam_inc_weekly":2111,"median_tot_prsnl_inc_weekly":784},"id":"sa2_g02_selected_medians_and_averages_census_2016.fid--2c16d5dc_1805a11d632_7173"},{"type":"Feature","properties":{"median_tot_hhd_inc_weekly":1787,"median_mortgage_repay_monthly":2000,"median_rent_weekly":370,"sa2_main16":"208031189","median_tot_fam_inc_weekly":2185,"median_tot_prsnl_inc_weekly":790},"id":"sa2_g02_selected_medians_and_averages_census_2016.fid--2c16d5dc_1805a11d632_7174"},{"type":"Feature","properties":{"median_tot_hhd_inc_weekly":1362,"median_mortgage_repay_monthly":1733,"median_rent_weekly":350,"sa2_main16":"209011196","median_tot_fam_inc_weekly":1562,"median_tot_prsnl_inc_weekly":545},"id":"sa2_g02_selected_medians_and_averages_census_2016.fid--2c16d5dc_1805a11d632_7175"},{"type":"Feature","properties":{"median_tot_hhd_inc_weekly":1569,"median_mortgage_repay_monthly":2000,"median_rent_weekly":388,"sa2_main16":"208031191","median_tot_fam_inc_weekly":1941,"median_tot_prsnl_inc_weekly":701},"id":"sa2_g02_selected_medians_and_averages_census_2016.fid--2c16d5dc_1805a11d632_7176"},{"type":"Feature","properties":{"median_tot_hhd_inc_weekly":0,"median_mortgage_repay_monthly":0,"median_rent_weekly":0,"sa2_main16":"208031192","median_tot_fam_inc_weekly":0,"median_tot_prsnl_inc_weekly":0},"id":"sa2_g02_selected_medians_and_averages_census_2016.fid--2c16d5dc_1805a11d632_7177"},{"type":"Feature","properties":{"median_tot_hhd_inc_weekly":1727,"median_mortgage_repay_monthly":1900,"median_rent_weekly":350,"sa2_main16":"209011197","median_tot_fam_inc_weekly":2040,"median_tot_prsnl_inc_weekly":751},"id":"sa2_g02_selected_medians_and_averages_census_2016.fid--2c16d5dc_1805a11d632_7178"},{"type":"Feature","properties":{"median_tot_hhd_inc_weekly":1545,"median_mortgage_repay_monthly":1800,"median_rent_weekly":340,"sa2_main16":"209011204","median_tot_fam_inc_weekly":1893,"median_tot_prsnl_inc_weekly":692},"id":"sa2_g02_selected_medians_and_averages_census_2016.fid--2c16d5dc_1805a11d632_7179"},{"type":"Feature","properties":{"median_tot_hhd_inc_weekly":1701,"median_mortgage_repay_monthly":2000,"median_rent_weekly":350,"sa2_main16":"208031193","median_tot_fam_inc_weekly":2237,"median_tot_prsnl_inc_weekly":807},"id":"sa2_g02_selected_medians_and_averages_census_2016.fid--2c16d5dc_1805a11d632_717a"},{"type":"Feature","properties":{"median_tot_hhd_inc_weekly":1367,"median_mortgage_repay_monthly":1800,"median_rent_weekly":340,"sa2_main16":"209021205","median_tot_fam_inc_weekly":1651,"median_tot_prsnl_inc_weekly":437},"id":"sa2_g02_selected_medians_and_averages_census_2016.fid--2c16d5dc_1805a11d632_717b"},{"type":"Feature","properties":{"median_tot_hhd_inc_weekly":1138,"median_mortgage_repay_monthly":1700,"median_rent_weekly":310,"sa2_main16":"209021207","median_tot_fam_inc_weekly":1388,"median_tot_prsnl_inc_weekly":537},"id":"sa2_g02_selected_medians_and_averages_census_2016.fid--2c16d5dc_1805a11d632_717c"},{"type":"Feature","properties":{"median_tot_hhd_inc_weekly":1268,"median_mortgage_repay_monthly":1800,"median_rent_weekly":320,"sa2_main16":"209021208","median_tot_fam_inc_weekly":1459,"median_tot_prsnl_inc_weekly":545},"id":"sa2_g02_selected_medians_and_averages_census_2016.fid--2c16d5dc_1805a11d632_717d"},{"type":"Feature","properties":{"median_tot_hhd_inc_weekly":0,"median_mortgage_repay_monthly":0,"median_rent_weekly":0,"sa2_main16":"210011227","median_tot_fam_inc_weekly":0,"median_tot_prsnl_inc_weekly":0},"id":"sa2_g02_selected_medians_and_averages_census_2016.fid--2c16d5dc_1805a11d632_717e"},{"type":"Feature","properties":{"median_tot_hhd_inc_weekly":2075,"median_mortgage_repay_monthly":2500,"median_rent_weekly":381,"sa2_main16":"208041194","median_tot_fam_inc_weekly":2853,"median_tot_prsnl_inc_weekly":1041},"id":"sa2_g02_selected_medians_and_averages_census_2016.fid--2c16d5dc_1805a11d632_717f"},{"type":"Feature","properties":{"median_tot_hhd_inc_weekly":1529,"median_mortgage_repay_monthly":1949,"median_rent_weekly":351,"sa2_main16":"209021429","median_tot_fam_inc_weekly":1878,"median_tot_prsnl_inc_weekly":666},"id":"sa2_g02_selected_medians_and_averages_census_2016.fid--2c16d5dc_1805a11d632_7180"},{"type":"Feature","properties":{"median_tot_hhd_inc_weekly":1937,"median_mortgage_repay_monthly":2400,"median_rent_weekly":391,"sa2_main16":"208041195","median_tot_fam_inc_weekly":2652,"median_tot_prsnl_inc_weekly":787},"id":"sa2_g02_selected_medians_and_averages_census_2016.fid--2c16d5dc_1805a11d632_7181"},{"type":"Feature","properties":{"median_tot_hhd_inc_weekly":2127,"median_mortgage_repay_monthly":2000,"median_rent_weekly":377,"sa2_main16":"209031209","median_tot_fam_inc_weekly":2386,"median_tot_prsnl_inc_weekly":807},"id":"sa2_g02_selected_medians_and_averages_census_2016.fid--2c16d5dc_1805a11d632_7182"},{"type":"Feature","properties":{"median_tot_hhd_inc_weekly":1799,"median_mortgage_repay_monthly":1842,"median_rent_weekly":331,"sa2_main16":"209031210","median_tot_fam_inc_weekly":2034,"median_tot_prsnl_inc_weekly":730},"id":"sa2_g02_selected_medians_and_averages_census_2016.fid--2c16d5dc_1805a11d632_7183"},{"type":"Feature","properties":{"median_tot_hhd_inc_weekly":1434,"median_mortgage_repay_monthly":1600,"median_rent_weekly":285,"sa2_main16":"209031211","median_tot_fam_inc_weekly":1693,"median_tot_prsnl_inc_weekly":657},"id":"sa2_g02_selected_medians_and_averages_census_2016.fid--2c16d5dc_1805a11d632_7184"},{"type":"Feature","properties":{"median_tot_hhd_inc_weekly":1881,"median_mortgage_repay_monthly":1993,"median_rent_weekly":210,"sa2_main16":"209031212","median_tot_fam_inc_weekly":2071,"median_tot_prsnl_inc_weekly":733},"id":"sa2_g02_selected_medians_and_averages_census_2016.fid--2c16d5dc_1805a11d632_7185"},{"type":"Feature","properties":{"median_tot_hhd_inc_weekly":2183,"median_mortgage_repay_monthly":2058,"median_rent_weekly":400,"sa2_main16":"209031213","median_tot_fam_inc_weekly":2344,"median_tot_prsnl_inc_weekly":784},"id":"sa2_g02_selected_medians_and_averages_census_2016.fid--2c16d5dc_1805a11d632_7186"},{"type":"Feature","properties":{"median_tot_hhd_inc_weekly":2295,"median_mortgage_repay_monthly":2167,"median_rent_weekly":405,"sa2_main16":"209031214","median_tot_fam_inc_weekly":2469,"median_tot_prsnl_inc_weekly":842},"id":"sa2_g02_selected_medians_and_averages_census_2016.fid--2c16d5dc_1805a11d632_7187"},{"type":"Feature","properties":{"median_tot_hhd_inc_weekly":1731,"median_mortgage_repay_monthly":2106,"median_rent_weekly":361,"sa2_main16":"209011198","median_tot_fam_inc_weekly":2197,"median_tot_prsnl_inc_weekly":776},"id":"sa2_g02_selected_medians_and_averages_census_2016.fid--2c16d5dc_1805a11d632_7188"},{"type":"Feature","properties":{"median_tot_hhd_inc_weekly":1156,"median_mortgage_repay_monthly":1690,"median_rent_weekly":340,"sa2_main16":"209041217","median_tot_fam_inc_weekly":1386,"median_tot_prsnl_inc_weekly":494},"id":"sa2_g02_selected_medians_and_averages_census_2016.fid--2c16d5dc_1805a11d632_7189"},{"type":"Feature","properties":{"median_tot_hhd_inc_weekly":1112,"median_mortgage_repay_monthly":1674,"median_rent_weekly":315,"sa2_main16":"209041219","median_tot_fam_inc_weekly":1222,"median_tot_prsnl_inc_weekly":447},"id":"sa2_g02_selected_medians_and_averages_census_2016.fid--2c16d5dc_1805a11d632_718a"},{"type":"Feature","properties":{"median_tot_hhd_inc_weekly":1194,"median_mortgage_repay_monthly":1800,"median_rent_weekly":300,"sa2_main16":"209011199","median_tot_fam_inc_weekly":1519,"median_tot_prsnl_inc_weekly":555},"id":"sa2_g02_selected_medians_and_averages_census_2016.fid--2c16d5dc_1805a11d632_718b"},{"type":"Feature","properties":{"median_tot_hhd_inc_weekly":1925,"median_mortgage_repay_monthly":2167,"median_rent_weekly":375,"sa2_main16":"209011200","median_tot_fam_inc_weekly":2443,"median_tot_prsnl_inc_weekly":874},"id":"sa2_g02_selected_medians_and_averages_census_2016.fid--2c16d5dc_1805a11d632_718c"},{"type":"Feature","properties":{"median_tot_hhd_inc_weekly":2416,"median_mortgage_repay_monthly":2500,"median_rent_weekly":400,"sa2_main16":"209011201","median_tot_fam_inc_weekly":2961,"median_tot_prsnl_inc_weekly":948},"id":"sa2_g02_selected_medians_and_averages_census_2016.fid--2c16d5dc_1805a11d632_718d"},{"type":"Feature","properties":{"median_tot_hhd_inc_weekly":1731,"median_mortgage_repay_monthly":1950,"median_rent_weekly":350,"sa2_main16":"209011202","median_tot_fam_inc_weekly":2097,"median_tot_prsnl_inc_weekly":786},"id":"sa2_g02_selected_medians_and_averages_census_2016.fid--2c16d5dc_1805a11d632_718e"},{"type":"Feature","properties":{"median_tot_hhd_inc_weekly":1684,"median_mortgage_repay_monthly":1950,"median_rent_weekly":350,"sa2_main16":"209011203","median_tot_fam_inc_weekly":2016,"median_tot_prsnl_inc_weekly":737},"id":"sa2_g02_selected_medians_and_averages_census_2016.fid--2c16d5dc_1805a11d632_718f"},{"type":"Feature","properties":{"median_tot_hhd_inc_weekly":1386,"median_mortgage_repay_monthly":1950,"median_rent_weekly":350,"sa2_main16":"209021428","median_tot_fam_inc_weekly":1702,"median_tot_prsnl_inc_weekly":625},"id":"sa2_g02_selected_medians_and_averages_census_2016.fid--2c16d5dc_1805a11d632_7190"},{"type":"Feature","properties":{"median_tot_hhd_inc_weekly":2066,"median_mortgage_repay_monthly":1960,"median_rent_weekly":369,"sa2_main16":"209031215","median_tot_fam_inc_weekly":2231,"median_tot_prsnl_inc_weekly":765},"id":"sa2_g02_selected_medians_and_averages_census_2016.fid--2c16d5dc_1805a11d632_7191"},{"type":"Feature","properties":{"median_tot_hhd_inc_weekly":1403,"median_mortgage_repay_monthly":1600,"median_rent_weekly":321,"sa2_main16":"209041431","median_tot_fam_inc_weekly":1487,"median_tot_prsnl_inc_weekly":562},"id":"sa2_g02_selected_medians_and_averages_census_2016.fid--2c16d5dc_1805a11d632_7192"},{"type":"Feature","properties":{"median_tot_hhd_inc_weekly":1205,"median_mortgage_repay_monthly":1500,"median_rent_weekly":311,"sa2_main16":"209041432","median_tot_fam_inc_weekly":1317,"median_tot_prsnl_inc_weekly":502},"id":"sa2_g02_selected_medians_and_averages_census_2016.fid--2c16d5dc_1805a11d632_7193"},{"type":"Feature","properties":{"median_tot_hhd_inc_weekly":1432,"median_mortgage_repay_monthly":1950,"median_rent_weekly":341,"sa2_main16":"209041216","median_tot_fam_inc_weekly":1786,"median_tot_prsnl_inc_weekly":558},"id":"sa2_g02_selected_medians_and_averages_census_2016.fid--2c16d5dc_1805a11d632_7194"},{"type":"Feature","properties":{"median_tot_hhd_inc_weekly":1606,"median_mortgage_repay_monthly":1890,"median_rent_weekly":350,"sa2_main16":"209041433","median_tot_fam_inc_weekly":1655,"median_tot_prsnl_inc_weekly":676},"id":"sa2_g02_selected_medians_and_averages_census_2016.fid--2c16d5dc_1805a11d632_7195"},{"type":"Feature","properties":{"median_tot_hhd_inc_weekly":1659,"median_mortgage_repay_monthly":1900,"median_rent_weekly":346,"sa2_main16":"209041434","median_tot_fam_inc_weekly":1772,"median_tot_prsnl_inc_weekly":776},"id":"sa2_g02_selected_medians_and_averages_census_2016.fid--2c16d5dc_1805a11d632_7196"},{"type":"Feature","properties":{"median_tot_hhd_inc_weekly":1889,"median_mortgage_repay_monthly":1967,"median_rent_weekly":361,"sa2_main16":"209041435","median_tot_fam_inc_weekly":1949,"median_tot_prsnl_inc_weekly":761},"id":"sa2_g02_selected_medians_and_averages_census_2016.fid--2c16d5dc_1805a11d632_7197"},{"type":"Feature","properties":{"median_tot_hhd_inc_weekly":1528,"median_mortgage_repay_monthly":1600,"median_rent_weekly":331,"sa2_main16":"209041220","median_tot_fam_inc_weekly":1704,"median_tot_prsnl_inc_weekly":591},"id":"sa2_g02_selected_medians_and_averages_census_2016.fid--2c16d5dc_1805a11d632_7198"},{"type":"Feature","properties":{"median_tot_hhd_inc_weekly":1469,"median_mortgage_repay_monthly":1612,"median_rent_weekly":331,"sa2_main16":"209041221","median_tot_fam_inc_weekly":1570,"median_tot_prsnl_inc_weekly":586},"id":"sa2_g02_selected_medians_and_averages_census_2016.fid--2c16d5dc_1805a11d632_7199"},{"type":"Feature","properties":{"median_tot_hhd_inc_weekly":1375,"median_mortgage_repay_monthly":1900,"median_rent_weekly":350,"sa2_main16":"210011226","median_tot_fam_inc_weekly":1696,"median_tot_prsnl_inc_weekly":683},"id":"sa2_g02_selected_medians_and_averages_census_2016.fid--2c16d5dc_1805a11d632_719a"},{"type":"Feature","properties":{"median_tot_hhd_inc_weekly":1017,"median_mortgage_repay_monthly":1517,"median_rent_weekly":311,"sa2_main16":"209041223","median_tot_fam_inc_weekly":1109,"median_tot_prsnl_inc_weekly":425},"id":"sa2_g02_selected_medians_and_averages_census_2016.fid--2c16d5dc_1805a11d632_719b"},{"type":"Feature","properties":{"median_tot_hhd_inc_weekly":1647,"median_mortgage_repay_monthly":1733,"median_rent_weekly":318,"sa2_main16":"209041224","median_tot_fam_inc_weekly":1788,"median_tot_prsnl_inc_weekly":714},"id":"sa2_g02_selected_medians_and_averages_census_2016.fid--2c16d5dc_1805a11d632_719c"},{"type":"Feature","properties":{"median_tot_hhd_inc_weekly":1452,"median_mortgage_repay_monthly":1733,"median_rent_weekly":300,"sa2_main16":"209041225","median_tot_fam_inc_weekly":1765,"median_tot_prsnl_inc_weekly":637},"id":"sa2_g02_selected_medians_and_averages_census_2016.fid--2c16d5dc_1805a11d632_719d"},{"type":"Feature","properties":{"median_tot_hhd_inc_weekly":1811,"median_mortgage_repay_monthly":1960,"median_rent_weekly":351,"sa2_main16":"209041430","median_tot_fam_inc_weekly":1926,"median_tot_prsnl_inc_weekly":794},"id":"sa2_g02_selected_medians_and_averages_census_2016.fid--2c16d5dc_1805a11d632_719e"},{"type":"Feature","properties":{"median_tot_hhd_inc_weekly":1592,"median_mortgage_repay_monthly":1733,"median_rent_weekly":341,"sa2_main16":"209041436","median_tot_fam_inc_weekly":1753,"median_tot_prsnl_inc_weekly":653},"id":"sa2_g02_selected_medians_and_averages_census_2016.fid--2c16d5dc_1805a11d632_719f"},{"type":"Feature","properties":{"median_tot_hhd_inc_weekly":1612,"median_mortgage_repay_monthly":2000,"median_rent_weekly":346,"sa2_main16":"209041437","median_tot_fam_inc_weekly":1607,"median_tot_prsnl_inc_weekly":708},"id":"sa2_g02_selected_medians_and_averages_census_2016.fid--2c16d5dc_1805a11d632_71a0"},{"type":"Feature","properties":{"median_tot_hhd_inc_weekly":1527,"median_mortgage_repay_monthly":1959,"median_rent_weekly":351,"sa2_main16":"210011228","median_tot_fam_inc_weekly":1844,"median_tot_prsnl_inc_weekly":644},"id":"sa2_g02_selected_medians_and_averages_census_2016.fid--2c16d5dc_1805a11d632_71a1"},{"type":"Feature","properties":{"median_tot_hhd_inc_weekly":1411,"median_mortgage_repay_monthly":2000,"median_rent_weekly":350,"sa2_main16":"210011229","median_tot_fam_inc_weekly":1656,"median_tot_prsnl_inc_weekly":572},"id":"sa2_g02_selected_medians_and_averages_census_2016.fid--2c16d5dc_1805a11d632_71a2"},{"type":"Feature","properties":{"median_tot_hhd_inc_weekly":1747,"median_mortgage_repay_monthly":2000,"median_rent_weekly":371,"sa2_main16":"210011230","median_tot_fam_inc_weekly":2191,"median_tot_prsnl_inc_weekly":764},"id":"sa2_g02_selected_medians_and_averages_census_2016.fid--2c16d5dc_1805a11d632_71a3"},{"type":"Feature","properties":{"median_tot_hhd_inc_weekly":2069,"median_mortgage_repay_monthly":2167,"median_rent_weekly":400,"sa2_main16":"210011231","median_tot_fam_inc_weekly":2399,"median_tot_prsnl_inc_weekly":817},"id":"sa2_g02_selected_medians_and_averages_census_2016.fid--2c16d5dc_1805a11d632_71a4"},{"type":"Feature","properties":{"median_tot_hhd_inc_weekly":1869,"median_mortgage_repay_monthly":1993,"median_rent_weekly":351,"sa2_main16":"210021232","median_tot_fam_inc_weekly":2133,"median_tot_prsnl_inc_weekly":749},"id":"sa2_g02_selected_medians_and_averages_census_2016.fid--2c16d5dc_1805a11d632_71a5"},{"type":"Feature","properties":{"median_tot_hhd_inc_weekly":1251,"median_mortgage_repay_monthly":1517,"median_rent_weekly":300,"sa2_main16":"212031300","median_tot_fam_inc_weekly":1391,"median_tot_prsnl_inc_weekly":593},"id":"sa2_g02_selected_medians_and_averages_census_2016.fid--2c16d5dc_1805a11d632_71a6"},{"type":"Feature","properties":{"median_tot_hhd_inc_weekly":1710,"median_mortgage_repay_monthly":1978,"median_rent_weekly":380,"sa2_main16":"212031301","median_tot_fam_inc_weekly":1763,"median_tot_prsnl_inc_weekly":744},"id":"sa2_g02_selected_medians_and_averages_census_2016.fid--2c16d5dc_1805a11d632_71a7"},{"type":"Feature","properties":{"median_tot_hhd_inc_weekly":1932,"median_mortgage_repay_monthly":2000,"median_rent_weekly":343,"sa2_main16":"210021233","median_tot_fam_inc_weekly":2245,"median_tot_prsnl_inc_weekly":796},"id":"sa2_g02_selected_medians_and_averages_census_2016.fid--2c16d5dc_1805a11d632_71a8"},{"type":"Feature","properties":{"median_tot_hhd_inc_weekly":1830,"median_mortgage_repay_monthly":1799,"median_rent_weekly":330,"sa2_main16":"210021234","median_tot_fam_inc_weekly":2070,"median_tot_prsnl_inc_weekly":750},"id":"sa2_g02_selected_medians_and_averages_census_2016.fid--2c16d5dc_1805a11d632_71a9"},{"type":"Feature","properties":{"median_tot_hhd_inc_weekly":1579,"median_mortgage_repay_monthly":1733,"median_rent_weekly":295,"sa2_main16":"210021235","median_tot_fam_inc_weekly":1807,"median_tot_prsnl_inc_weekly":668},"id":"sa2_g02_selected_medians_and_averages_census_2016.fid--2c16d5dc_1805a11d632_71aa"},{"type":"Feature","properties":{"median_tot_hhd_inc_weekly":1503,"median_mortgage_repay_monthly":2000,"median_rent_weekly":346,"sa2_main16":"210031236","median_tot_fam_inc_weekly":1852,"median_tot_prsnl_inc_weekly":639},"id":"sa2_g02_selected_medians_and_averages_census_2016.fid--2c16d5dc_1805a11d632_71ab"},{"type":"Feature","properties":{"median_tot_hhd_inc_weekly":1088,"median_mortgage_repay_monthly":1733,"median_rent_weekly":330,"sa2_main16":"210031237","median_tot_fam_inc_weekly":1235,"median_tot_prsnl_inc_weekly":451},"id":"sa2_g02_selected_medians_and_averages_census_2016.fid--2c16d5dc_1805a11d632_71ac"},{"type":"Feature","properties":{"median_tot_hhd_inc_weekly":1254,"median_mortgage_repay_monthly":1733,"median_rent_weekly":326,"sa2_main16":"210031438","median_tot_fam_inc_weekly":1437,"median_tot_prsnl_inc_weekly":540},"id":"sa2_g02_selected_medians_and_averages_census_2016.fid--2c16d5dc_1805a11d632_71ad"},{"type":"Feature","properties":{"median_tot_hhd_inc_weekly":1545,"median_mortgage_repay_monthly":1950,"median_rent_weekly":350,"sa2_main16":"210031239","median_tot_fam_inc_weekly":1916,"median_tot_prsnl_inc_weekly":738},"id":"sa2_g02_selected_medians_and_averages_census_2016.fid--2c16d5dc_1805a11d632_71ae"},{"type":"Feature","properties":{"median_tot_hhd_inc_weekly":1779,"median_mortgage_repay_monthly":1920,"median_rent_weekly":380,"sa2_main16":"210031439","median_tot_fam_inc_weekly":2100,"median_tot_prsnl_inc_weekly":802},"id":"sa2_g02_selected_medians_and_averages_census_2016.fid--2c16d5dc_1805a11d632_71af"},{"type":"Feature","properties":{"median_tot_hhd_inc_weekly":913,"median_mortgage_repay_monthly":1300,"median_rent_weekly":295,"sa2_main16":"210051242","median_tot_fam_inc_weekly":1005,"median_tot_prsnl_inc_weekly":404},"id":"sa2_g02_selected_medians_and_averages_census_2016.fid--2c16d5dc_1805a11d632_71b0"},{"type":"Feature","properties":{"median_tot_hhd_inc_weekly":1044,"median_mortgage_repay_monthly":1300,"median_rent_weekly":300,"sa2_main16":"210051247","median_tot_fam_inc_weekly":1076,"median_tot_prsnl_inc_weekly":375},"id":"sa2_g02_selected_medians_and_averages_census_2016.fid--2c16d5dc_1805a11d632_71b1"},{"type":"Feature","properties":{"median_tot_hhd_inc_weekly":2250,"median_mortgage_repay_monthly":2500,"median_rent_weekly":0,"sa2_main16":"210051248","median_tot_fam_inc_weekly":3249,"median_tot_prsnl_inc_weekly":919},"id":"sa2_g02_selected_medians_and_averages_census_2016.fid--2c16d5dc_1805a11d632_71b2"},{"type":"Feature","properties":{"median_tot_hhd_inc_weekly":927,"median_mortgage_repay_monthly":1380,"median_rent_weekly":290,"sa2_main16":"210051243","median_tot_fam_inc_weekly":1004,"median_tot_prsnl_inc_weekly":377},"id":"sa2_g02_selected_medians_and_averages_census_2016.fid--2c16d5dc_1805a11d632_71b3"},{"type":"Feature","properties":{"median_tot_hhd_inc_weekly":1386,"median_mortgage_repay_monthly":1710,"median_rent_weekly":327,"sa2_main16":"210051245","median_tot_fam_inc_weekly":1602,"median_tot_prsnl_inc_weekly":588},"id":"sa2_g02_selected_medians_and_averages_census_2016.fid--2c16d5dc_1805a11d632_71b4"},{"type":"Feature","properties":{"median_tot_hhd_inc_weekly":2020,"median_mortgage_repay_monthly":2000,"median_rent_weekly":390,"sa2_main16":"210051246","median_tot_fam_inc_weekly":2020,"median_tot_prsnl_inc_weekly":668},"id":"sa2_g02_selected_medians_and_averages_census_2016.fid--2c16d5dc_1805a11d632_71b5"},{"type":"Feature","properties":{"median_tot_hhd_inc_weekly":1587,"median_mortgage_repay_monthly":1745,"median_rent_weekly":351,"sa2_main16":"211031452","median_tot_fam_inc_weekly":1833,"median_tot_prsnl_inc_weekly":683},"id":"sa2_g02_selected_medians_and_averages_census_2016.fid--2c16d5dc_1805a11d632_71b6"},{"type":"Feature","properties":{"median_tot_hhd_inc_weekly":1358,"median_mortgage_repay_monthly":1650,"median_rent_weekly":346,"sa2_main16":"210051249","median_tot_fam_inc_weekly":1318,"median_tot_prsnl_inc_weekly":404},"id":"sa2_g02_selected_medians_and_averages_census_2016.fid--2c16d5dc_1805a11d632_71b7"},{"type":"Feature","properties":{"median_tot_hhd_inc_weekly":1194,"median_mortgage_repay_monthly":1538,"median_rent_weekly":316,"sa2_main16":"210051250","median_tot_fam_inc_weekly":1434,"median_tot_prsnl_inc_weekly":621},"id":"sa2_g02_selected_medians_and_averages_census_2016.fid--2c16d5dc_1805a11d632_71b8"},{"type":"Feature","properties":{"median_tot_hhd_inc_weekly":1350,"median_mortgage_repay_monthly":1500,"median_rent_weekly":320,"sa2_main16":"210051441","median_tot_fam_inc_weekly":1419,"median_tot_prsnl_inc_weekly":562},"id":"sa2_g02_selected_medians_and_averages_census_2016.fid--2c16d5dc_1805a11d632_71b9"},{"type":"Feature","properties":{"median_tot_hhd_inc_weekly":1669,"median_mortgage_repay_monthly":1820,"median_rent_weekly":340,"sa2_main16":"210051442","median_tot_fam_inc_weekly":1686,"median_tot_prsnl_inc_weekly":675},"id":"sa2_g02_selected_medians_and_averages_census_2016.fid--2c16d5dc_1805a11d632_71ba"},{"type":"Feature","properties":{"median_tot_hhd_inc_weekly":1510,"median_mortgage_repay_monthly":1850,"median_rent_weekly":345,"sa2_main16":"210051444","median_tot_fam_inc_weekly":1502,"median_tot_prsnl_inc_weekly":652},"id":"sa2_g02_selected_medians_and_averages_census_2016.fid--2c16d5dc_1805a11d632_71bb"},{"type":"Feature","properties":{"median_tot_hhd_inc_weekly":1816,"median_mortgage_repay_monthly":1907,"median_rent_weekly":350,"sa2_main16":"210051445","median_tot_fam_inc_weekly":1856,"median_tot_prsnl_inc_weekly":767},"id":"sa2_g02_selected_medians_and_averages_census_2016.fid--2c16d5dc_1805a11d632_71bc"},{"type":"Feature","properties":{"median_tot_hhd_inc_weekly":1301,"median_mortgage_repay_monthly":1650,"median_rent_weekly":331,"sa2_main16":"211011251","median_tot_fam_inc_weekly":1574,"median_tot_prsnl_inc_weekly":640},"id":"sa2_g02_selected_medians_and_averages_census_2016.fid--2c16d5dc_1805a11d632_71bd"},{"type":"Feature","properties":{"median_tot_hhd_inc_weekly":1589,"median_mortgage_repay_monthly":1800,"median_rent_weekly":376,"sa2_main16":"211011254","median_tot_fam_inc_weekly":1763,"median_tot_prsnl_inc_weekly":642},"id":"sa2_g02_selected_medians_and_averages_census_2016.fid--2c16d5dc_1805a11d632_71be"},{"type":"Feature","properties":{"median_tot_hhd_inc_weekly":1489,"median_mortgage_repay_monthly":1733,"median_rent_weekly":330,"sa2_main16":"210051443","median_tot_fam_inc_weekly":1508,"median_tot_prsnl_inc_weekly":579},"id":"sa2_g02_selected_medians_and_averages_census_2016.fid--2c16d5dc_1805a11d632_71bf"},{"type":"Feature","properties":{"median_tot_hhd_inc_weekly":2337,"median_mortgage_repay_monthly":2000,"median_rent_weekly":386,"sa2_main16":"211011255","median_tot_fam_inc_weekly":2423,"median_tot_prsnl_inc_weekly":762},"id":"sa2_g02_selected_medians_and_averages_census_2016.fid--2c16d5dc_1805a11d632_71c0"},{"type":"Feature","properties":{"median_tot_hhd_inc_weekly":1922,"median_mortgage_repay_monthly":2000,"median_rent_weekly":400,"sa2_main16":"211011257","median_tot_fam_inc_weekly":2055,"median_tot_prsnl_inc_weekly":697},"id":"sa2_g02_selected_medians_and_averages_census_2016.fid--2c16d5dc_1805a11d632_71c1"},{"type":"Feature","properties":{"median_tot_hhd_inc_weekly":2054,"median_mortgage_repay_monthly":1900,"median_rent_weekly":425,"sa2_main16":"211011258","median_tot_fam_inc_weekly":2158,"median_tot_prsnl_inc_weekly":724},"id":"sa2_g02_selected_medians_and_averages_census_2016.fid--2c16d5dc_1805a11d632_71c2"},{"type":"Feature","properties":{"median_tot_hhd_inc_weekly":1574,"median_mortgage_repay_monthly":1800,"median_rent_weekly":376,"sa2_main16":"211011259","median_tot_fam_inc_weekly":1794,"median_tot_prsnl_inc_weekly":636},"id":"sa2_g02_selected_medians_and_averages_census_2016.fid--2c16d5dc_1805a11d632_71c3"},{"type":"Feature","properties":{"median_tot_hhd_inc_weekly":1577,"median_mortgage_repay_monthly":1800,"median_rent_weekly":381,"sa2_main16":"211011260","median_tot_fam_inc_weekly":1854,"median_tot_prsnl_inc_weekly":612},"id":"sa2_g02_selected_medians_and_averages_census_2016.fid--2c16d5dc_1805a11d632_71c4"},{"type":"Feature","properties":{"median_tot_hhd_inc_weekly":1763,"median_mortgage_repay_monthly":1733,"median_rent_weekly":390,"sa2_main16":"211011256","median_tot_fam_inc_weekly":1944,"median_tot_prsnl_inc_weekly":688},"id":"sa2_g02_selected_medians_and_averages_census_2016.fid--2c16d5dc_1805a11d632_71c5"},{"type":"Feature","properties":{"median_tot_hhd_inc_weekly":1310,"median_mortgage_repay_monthly":1675,"median_rent_weekly":335,"sa2_main16":"211011446","median_tot_fam_inc_weekly":1579,"median_tot_prsnl_inc_weekly":658},"id":"sa2_g02_selected_medians_and_averages_census_2016.fid--2c16d5dc_1805a11d632_71c6"},{"type":"Feature","properties":{"median_tot_hhd_inc_weekly":1356,"median_mortgage_repay_monthly":1700,"median_rent_weekly":324,"sa2_main16":"211011447","median_tot_fam_inc_weekly":1717,"median_tot_prsnl_inc_weekly":657},"id":"sa2_g02_selected_medians_and_averages_census_2016.fid--2c16d5dc_1805a11d632_71c7"},{"type":"Feature","properties":{"median_tot_hhd_inc_weekly":2018,"median_mortgage_repay_monthly":1850,"median_rent_weekly":381,"sa2_main16":"211031265","median_tot_fam_inc_weekly":2228,"median_tot_prsnl_inc_weekly":751},"id":"sa2_g02_selected_medians_and_averages_census_2016.fid--2c16d5dc_1805a11d632_71c8"},{"type":"Feature","properties":{"median_tot_hhd_inc_weekly":1360,"median_mortgage_repay_monthly":1800,"median_rent_weekly":335,"sa2_main16":"211031266","median_tot_fam_inc_weekly":1727,"median_tot_prsnl_inc_weekly":654},"id":"sa2_g02_selected_medians_and_averages_census_2016.fid--2c16d5dc_1805a11d632_71c9"},{"type":"Feature","properties":{"median_tot_hhd_inc_weekly":1574,"median_mortgage_repay_monthly":1733,"median_rent_weekly":351,"sa2_main16":"211011448","median_tot_fam_inc_weekly":1794,"median_tot_prsnl_inc_weekly":672},"id":"sa2_g02_selected_medians_and_averages_census_2016.fid--2c16d5dc_1805a11d632_71ca"},{"type":"Feature","properties":{"median_tot_hhd_inc_weekly":1592,"median_mortgage_repay_monthly":1836,"median_rent_weekly":344,"sa2_main16":"211031267","median_tot_fam_inc_weekly":1974,"median_tot_prsnl_inc_weekly":709},"id":"sa2_g02_selected_medians_and_averages_census_2016.fid--2c16d5dc_1805a11d632_71cb"},{"type":"Feature","properties":{"median_tot_hhd_inc_weekly":1910,"median_mortgage_repay_monthly":2000,"median_rent_weekly":381,"sa2_main16":"211031268","median_tot_fam_inc_weekly":2162,"median_tot_prsnl_inc_weekly":732},"id":"sa2_g02_selected_medians_and_averages_census_2016.fid--2c16d5dc_1805a11d632_71cc"},{"type":"Feature","properties":{"median_tot_hhd_inc_weekly":1723,"median_mortgage_repay_monthly":1733,"median_rent_weekly":325,"sa2_main16":"211011449","median_tot_fam_inc_weekly":1916,"median_tot_prsnl_inc_weekly":718},"id":"sa2_g02_selected_medians_and_averages_census_2016.fid--2c16d5dc_1805a11d632_71cd"},{"type":"Feature","properties":{"median_tot_hhd_inc_weekly":1945,"median_mortgage_repay_monthly":2167,"median_rent_weekly":396,"sa2_main16":"211021261","median_tot_fam_inc_weekly":2259,"median_tot_prsnl_inc_weekly":706},"id":"sa2_g02_selected_medians_and_averages_census_2016.fid--2c16d5dc_1805a11d632_71ce"},{"type":"Feature","properties":{"median_tot_hhd_inc_weekly":2333,"median_mortgage_repay_monthly":2167,"median_rent_weekly":376,"sa2_main16":"211021262","median_tot_fam_inc_weekly":2541,"median_tot_prsnl_inc_weekly":778},"id":"sa2_g02_selected_medians_and_averages_census_2016.fid--2c16d5dc_1805a11d632_71cf"},{"type":"Feature","properties":{"median_tot_hhd_inc_weekly":1314,"median_mortgage_repay_monthly":1700,"median_rent_weekly":330,"sa2_main16":"211031450","median_tot_fam_inc_weekly":1668,"median_tot_prsnl_inc_weekly":689},"id":"sa2_g02_selected_medians_and_averages_census_2016.fid--2c16d5dc_1805a11d632_71d0"},{"type":"Feature","properties":{"median_tot_hhd_inc_weekly":1388,"median_mortgage_repay_monthly":1926,"median_rent_weekly":347,"sa2_main16":"211031451","median_tot_fam_inc_weekly":1771,"median_tot_prsnl_inc_weekly":646},"id":"sa2_g02_selected_medians_and_averages_census_2016.fid--2c16d5dc_1805a11d632_71d1"},{"type":"Feature","properties":{"median_tot_hhd_inc_weekly":1519,"median_mortgage_repay_monthly":1697,"median_rent_weekly":311,"sa2_main16":"211031263","median_tot_fam_inc_weekly":1808,"median_tot_prsnl_inc_weekly":711},"id":"sa2_g02_selected_medians_and_averages_census_2016.fid--2c16d5dc_1805a11d632_71d2"},{"type":"Feature","properties":{"median_tot_hhd_inc_weekly":1344,"median_mortgage_repay_monthly":1950,"median_rent_weekly":360,"sa2_main16":"211041269","median_tot_fam_inc_weekly":1695,"median_tot_prsnl_inc_weekly":582},"id":"sa2_g02_selected_medians_and_averages_census_2016.fid--2c16d5dc_1805a11d632_71d3"},{"type":"Feature","properties":{"median_tot_hhd_inc_weekly":1650,"median_mortgage_repay_monthly":2000,"median_rent_weekly":363,"sa2_main16":"211041270","median_tot_fam_inc_weekly":2048,"median_tot_prsnl_inc_weekly":747},"id":"sa2_g02_selected_medians_and_averages_census_2016.fid--2c16d5dc_1805a11d632_71d4"},{"type":"Feature","properties":{"median_tot_hhd_inc_weekly":1664,"median_mortgage_repay_monthly":2000,"median_rent_weekly":375,"sa2_main16":"211041272","median_tot_fam_inc_weekly":1951,"median_tot_prsnl_inc_weekly":686},"id":"sa2_g02_selected_medians_and_averages_census_2016.fid--2c16d5dc_1805a11d632_71d5"},{"type":"Feature","properties":{"median_tot_hhd_inc_weekly":1665,"median_mortgage_repay_monthly":2000,"median_rent_weekly":441,"sa2_main16":"211041273","median_tot_fam_inc_weekly":1828,"median_tot_prsnl_inc_weekly":590},"id":"sa2_g02_selected_medians_and_averages_census_2016.fid--2c16d5dc_1805a11d632_71d6"},{"type":"Feature","properties":{"median_tot_hhd_inc_weekly":1510,"median_mortgage_repay_monthly":1950,"median_rent_weekly":350,"sa2_main16":"211041271","median_tot_fam_inc_weekly":1887,"median_tot_prsnl_inc_weekly":663},"id":"sa2_g02_selected_medians_and_averages_census_2016.fid--2c16d5dc_1805a11d632_71d7"},{"type":"Feature","properties":{"median_tot_hhd_inc_weekly":1748,"median_mortgage_repay_monthly":1700,"median_rent_weekly":325,"sa2_main16":"211051274","median_tot_fam_inc_weekly":1956,"median_tot_prsnl_inc_weekly":723},"id":"sa2_g02_selected_medians_and_averages_census_2016.fid--2c16d5dc_1805a11d632_71d8"},{"type":"Feature","properties":{"median_tot_hhd_inc_weekly":1728,"median_mortgage_repay_monthly":1820,"median_rent_weekly":380,"sa2_main16":"211051275","median_tot_fam_inc_weekly":1924,"median_tot_prsnl_inc_weekly":688},"id":"sa2_g02_selected_medians_and_averages_census_2016.fid--2c16d5dc_1805a11d632_71d9"},{"type":"Feature","properties":{"median_tot_hhd_inc_weekly":1278,"median_mortgage_repay_monthly":1625,"median_rent_weekly":300,"sa2_main16":"211051276","median_tot_fam_inc_weekly":1577,"median_tot_prsnl_inc_weekly":613},"id":"sa2_g02_selected_medians_and_averages_census_2016.fid--2c16d5dc_1805a11d632_71da"},{"type":"Feature","properties":{"median_tot_hhd_inc_weekly":1343,"median_mortgage_repay_monthly":1733,"median_rent_weekly":350,"sa2_main16":"211051277","median_tot_fam_inc_weekly":1662,"median_tot_prsnl_inc_weekly":655},"id":"sa2_g02_selected_medians_and_averages_census_2016.fid--2c16d5dc_1805a11d632_71db"},{"type":"Feature","properties":{"median_tot_hhd_inc_weekly":1466,"median_mortgage_repay_monthly":1777,"median_rent_weekly":330,"sa2_main16":"211051278","median_tot_fam_inc_weekly":1758,"median_tot_prsnl_inc_weekly":665},"id":"sa2_g02_selected_medians_and_averages_census_2016.fid--2c16d5dc_1805a11d632_71dc"},{"type":"Feature","properties":{"median_tot_hhd_inc_weekly":1505,"median_mortgage_repay_monthly":1733,"median_rent_weekly":320,"sa2_main16":"211051279","median_tot_fam_inc_weekly":1699,"median_tot_prsnl_inc_weekly":635},"id":"sa2_g02_selected_medians_and_averages_census_2016.fid--2c16d5dc_1805a11d632_71dd"},{"type":"Feature","properties":{"median_tot_hhd_inc_weekly":1711,"median_mortgage_repay_monthly":1755,"median_rent_weekly":335,"sa2_main16":"211051280","median_tot_fam_inc_weekly":1957,"median_tot_prsnl_inc_weekly":691},"id":"sa2_g02_selected_medians_and_averages_census_2016.fid--2c16d5dc_1805a11d632_71de"},{"type":"Feature","properties":{"median_tot_hhd_inc_weekly":1594,"median_mortgage_repay_monthly":1800,"median_rent_weekly":350,"sa2_main16":"211051281","median_tot_fam_inc_weekly":1791,"median_tot_prsnl_inc_weekly":687},"id":"sa2_g02_selected_medians_and_averages_census_2016.fid--2c16d5dc_1805a11d632_71df"},{"type":"Feature","properties":{"median_tot_hhd_inc_weekly":1680,"median_mortgage_repay_monthly":1800,"median_rent_weekly":340,"sa2_main16":"211051282","median_tot_fam_inc_weekly":1982,"median_tot_prsnl_inc_weekly":728},"id":"sa2_g02_selected_medians_and_averages_census_2016.fid--2c16d5dc_1805a11d632_71e0"},{"type":"Feature","properties":{"median_tot_hhd_inc_weekly":1371,"median_mortgage_repay_monthly":1627,"median_rent_weekly":315,"sa2_main16":"212011291","median_tot_fam_inc_weekly":1525,"median_tot_prsnl_inc_weekly":684},"id":"sa2_g02_selected_medians_and_averages_census_2016.fid--2c16d5dc_1805a11d632_71e1"},{"type":"Feature","properties":{"median_tot_hhd_inc_weekly":1655,"median_mortgage_repay_monthly":1733,"median_rent_weekly":310,"sa2_main16":"211051283","median_tot_fam_inc_weekly":1862,"median_tot_prsnl_inc_weekly":678},"id":"sa2_g02_selected_medians_and_averages_census_2016.fid--2c16d5dc_1805a11d632_71e2"},{"type":"Feature","properties":{"median_tot_hhd_inc_weekly":1468,"median_mortgage_repay_monthly":1625,"median_rent_weekly":345,"sa2_main16":"212021454","median_tot_fam_inc_weekly":1551,"median_tot_prsnl_inc_weekly":561},"id":"sa2_g02_selected_medians_and_averages_census_2016.fid--2c16d5dc_1805a11d632_71e3"},{"type":"Feature","properties":{"median_tot_hhd_inc_weekly":1948,"median_mortgage_repay_monthly":2000,"median_rent_weekly":381,"sa2_main16":"212031306","median_tot_fam_inc_weekly":1894,"median_tot_prsnl_inc_weekly":732},"id":"sa2_g02_selected_medians_and_averages_census_2016.fid--2c16d5dc_1805a11d632_71e4"},{"type":"Feature","properties":{"median_tot_hhd_inc_weekly":1536,"median_mortgage_repay_monthly":1733,"median_rent_weekly":300,"sa2_main16":"212031308","median_tot_fam_inc_weekly":1731,"median_tot_prsnl_inc_weekly":651},"id":"sa2_g02_selected_medians_and_averages_census_2016.fid--2c16d5dc_1805a11d632_71e5"},{"type":"Feature","properties":{"median_tot_hhd_inc_weekly":1762,"median_mortgage_repay_monthly":1714,"median_rent_weekly":336,"sa2_main16":"211051284","median_tot_fam_inc_weekly":2038,"median_tot_prsnl_inc_weekly":753},"id":"sa2_g02_selected_medians_and_averages_census_2016.fid--2c16d5dc_1805a11d632_71e6"},{"type":"Feature","properties":{"median_tot_hhd_inc_weekly":1611,"median_mortgage_repay_monthly":1733,"median_rent_weekly":320,"sa2_main16":"211051285","median_tot_fam_inc_weekly":1771,"median_tot_prsnl_inc_weekly":686},"id":"sa2_g02_selected_medians_and_averages_census_2016.fid--2c16d5dc_1805a11d632_71e7"},{"type":"Feature","properties":{"median_tot_hhd_inc_weekly":1142,"median_mortgage_repay_monthly":1455,"median_rent_weekly":270,"sa2_main16":"211051286","median_tot_fam_inc_weekly":1399,"median_tot_prsnl_inc_weekly":566},"id":"sa2_g02_selected_medians_and_averages_census_2016.fid--2c16d5dc_1805a11d632_71e8"},{"type":"Feature","properties":{"median_tot_hhd_inc_weekly":1875,"median_mortgage_repay_monthly":1950,"median_rent_weekly":351,"sa2_main16":"212011287","median_tot_fam_inc_weekly":2018,"median_tot_prsnl_inc_weekly":792},"id":"sa2_g02_selected_medians_and_averages_census_2016.fid--2c16d5dc_1805a11d632_71e9"},{"type":"Feature","properties":{"median_tot_hhd_inc_weekly":1502,"median_mortgage_repay_monthly":1733,"median_rent_weekly":253,"sa2_main16":"212011288","median_tot_fam_inc_weekly":1762,"median_tot_prsnl_inc_weekly":632},"id":"sa2_g02_selected_medians_and_averages_census_2016.fid--2c16d5dc_1805a11d632_71ea"},{"type":"Feature","properties":{"median_tot_hhd_inc_weekly":1716,"median_mortgage_repay_monthly":1733,"median_rent_weekly":321,"sa2_main16":"212011289","median_tot_fam_inc_weekly":1915,"median_tot_prsnl_inc_weekly":700},"id":"sa2_g02_selected_medians_and_averages_census_2016.fid--2c16d5dc_1805a11d632_71eb"},{"type":"Feature","properties":{"median_tot_hhd_inc_weekly":1335,"median_mortgage_repay_monthly":1695,"median_rent_weekly":250,"sa2_main16":"212011290","median_tot_fam_inc_weekly":1545,"median_tot_prsnl_inc_weekly":621},"id":"sa2_g02_selected_medians_and_averages_census_2016.fid--2c16d5dc_1805a11d632_71ec"},{"type":"Feature","properties":{"median_tot_hhd_inc_weekly":1390,"median_mortgage_repay_monthly":1733,"median_rent_weekly":321,"sa2_main16":"212011292","median_tot_fam_inc_weekly":1562,"median_tot_prsnl_inc_weekly":647},"id":"sa2_g02_selected_medians_and_averages_census_2016.fid--2c16d5dc_1805a11d632_71ed"},{"type":"Feature","properties":{"median_tot_hhd_inc_weekly":1558,"median_mortgage_repay_monthly":1733,"median_rent_weekly":341,"sa2_main16":"212021293","median_tot_fam_inc_weekly":1911,"median_tot_prsnl_inc_weekly":678},"id":"sa2_g02_selected_medians_and_averages_census_2016.fid--2c16d5dc_1805a11d632_71ee"},{"type":"Feature","properties":{"median_tot_hhd_inc_weekly":1901,"median_mortgage_repay_monthly":1907,"median_rent_weekly":380,"sa2_main16":"212021294","median_tot_fam_inc_weekly":1971,"median_tot_prsnl_inc_weekly":737},"id":"sa2_g02_selected_medians_and_averages_census_2016.fid--2c16d5dc_1805a11d632_71ef"},{"type":"Feature","properties":{"median_tot_hhd_inc_weekly":973,"median_mortgage_repay_monthly":1350,"median_rent_weekly":280,"sa2_main16":"212021295","median_tot_fam_inc_weekly":1064,"median_tot_prsnl_inc_weekly":449},"id":"sa2_g02_selected_medians_and_averages_census_2016.fid--2c16d5dc_1805a11d632_71f0"},{"type":"Feature","properties":{"median_tot_hhd_inc_weekly":1297,"median_mortgage_repay_monthly":1560,"median_rent_weekly":323,"sa2_main16":"212021297","median_tot_fam_inc_weekly":1358,"median_tot_prsnl_inc_weekly":488},"id":"sa2_g02_selected_medians_and_averages_census_2016.fid--2c16d5dc_1805a11d632_71f1"},{"type":"Feature","properties":{"median_tot_hhd_inc_weekly":2182,"median_mortgage_repay_monthly":2000,"median_rent_weekly":354,"sa2_main16":"212021299","median_tot_fam_inc_weekly":2178,"median_tot_prsnl_inc_weekly":683},"id":"sa2_g02_selected_medians_and_averages_census_2016.fid--2c16d5dc_1805a11d632_71f2"},{"type":"Feature","properties":{"median_tot_hhd_inc_weekly":1485,"median_mortgage_repay_monthly":1696,"median_rent_weekly":330,"sa2_main16":"212021453","median_tot_fam_inc_weekly":1577,"median_tot_prsnl_inc_weekly":583},"id":"sa2_g02_selected_medians_and_averages_census_2016.fid--2c16d5dc_1805a11d632_71f3"},{"type":"Feature","properties":{"median_tot_hhd_inc_weekly":1619,"median_mortgage_repay_monthly":1600,"median_rent_weekly":340,"sa2_main16":"212021455","median_tot_fam_inc_weekly":1709,"median_tot_prsnl_inc_weekly":630},"id":"sa2_g02_selected_medians_and_averages_census_2016.fid--2c16d5dc_1805a11d632_71f4"},{"type":"Feature","properties":{"median_tot_hhd_inc_weekly":1345,"median_mortgage_repay_monthly":1560,"median_rent_weekly":320,"sa2_main16":"212021456","median_tot_fam_inc_weekly":1468,"median_tot_prsnl_inc_weekly":588},"id":"sa2_g02_selected_medians_and_averages_census_2016.fid--2c16d5dc_1805a11d632_71f5"},{"type":"Feature","properties":{"median_tot_hhd_inc_weekly":2006,"median_mortgage_repay_monthly":1800,"median_rent_weekly":400,"sa2_main16":"212031457","median_tot_fam_inc_weekly":1997,"median_tot_prsnl_inc_weekly":668},"id":"sa2_g02_selected_medians_and_averages_census_2016.fid--2c16d5dc_1805a11d632_71f6"},{"type":"Feature","properties":{"median_tot_hhd_inc_weekly":1654,"median_mortgage_repay_monthly":1733,"median_rent_weekly":360,"sa2_main16":"212031458","median_tot_fam_inc_weekly":1652,"median_tot_prsnl_inc_weekly":613},"id":"sa2_g02_selected_medians_and_averages_census_2016.fid--2c16d5dc_1805a11d632_71f7"},{"type":"Feature","properties":{"median_tot_hhd_inc_weekly":1417,"median_mortgage_repay_monthly":1842,"median_rent_weekly":351,"sa2_main16":"212041309","median_tot_fam_inc_weekly":1595,"median_tot_prsnl_inc_weekly":533},"id":"sa2_g02_selected_medians_and_averages_census_2016.fid--2c16d5dc_1805a11d632_71f8"},{"type":"Feature","properties":{"median_tot_hhd_inc_weekly":1257,"median_mortgage_repay_monthly":1680,"median_rent_weekly":342,"sa2_main16":"212041310","median_tot_fam_inc_weekly":1342,"median_tot_prsnl_inc_weekly":489},"id":"sa2_g02_selected_medians_and_averages_census_2016.fid--2c16d5dc_1805a11d632_71f9"},{"type":"Feature","properties":{"median_tot_hhd_inc_weekly":994,"median_mortgage_repay_monthly":1500,"median_rent_weekly":281,"sa2_main16":"212041311","median_tot_fam_inc_weekly":1112,"median_tot_prsnl_inc_weekly":460},"id":"sa2_g02_selected_medians_and_averages_census_2016.fid--2c16d5dc_1805a11d632_71fa"},{"type":"Feature","properties":{"median_tot_hhd_inc_weekly":1183,"median_mortgage_repay_monthly":1550,"median_rent_weekly":300,"sa2_main16":"212041312","median_tot_fam_inc_weekly":1315,"median_tot_prsnl_inc_weekly":486},"id":"sa2_g02_selected_medians_and_averages_census_2016.fid--2c16d5dc_1805a11d632_71fb"},{"type":"Feature","properties":{"median_tot_hhd_inc_weekly":1596,"median_mortgage_repay_monthly":1950,"median_rent_weekly":380,"sa2_main16":"212041313","median_tot_fam_inc_weekly":1939,"median_tot_prsnl_inc_weekly":694},"id":"sa2_g02_selected_medians_and_averages_census_2016.fid--2c16d5dc_1805a11d632_71fc"},{"type":"Feature","properties":{"median_tot_hhd_inc_weekly":1117,"median_mortgage_repay_monthly":1500,"median_rent_weekly":299,"sa2_main16":"212041459","median_tot_fam_inc_weekly":1245,"median_tot_prsnl_inc_weekly":534},"id":"sa2_g02_selected_medians_and_averages_census_2016.fid--2c16d5dc_1805a11d632_71fd"},{"type":"Feature","properties":{"median_tot_hhd_inc_weekly":1587,"median_mortgage_repay_monthly":2000,"median_rent_weekly":360,"sa2_main16":"212041314","median_tot_fam_inc_weekly":1618,"median_tot_prsnl_inc_weekly":581},"id":"sa2_g02_selected_medians_and_averages_census_2016.fid--2c16d5dc_1805a11d632_71fe"},{"type":"Feature","properties":{"median_tot_hhd_inc_weekly":1213,"median_mortgage_repay_monthly":1597,"median_rent_weekly":321,"sa2_main16":"212041316","median_tot_fam_inc_weekly":1352,"median_tot_prsnl_inc_weekly":496},"id":"sa2_g02_selected_medians_and_averages_census_2016.fid--2c16d5dc_1805a11d632_71ff"},{"type":"Feature","properties":{"median_tot_hhd_inc_weekly":1077,"median_mortgage_repay_monthly":1500,"median_rent_weekly":310,"sa2_main16":"212041317","median_tot_fam_inc_weekly":1120,"median_tot_prsnl_inc_weekly":409},"id":"sa2_g02_selected_medians_and_averages_census_2016.fid--2c16d5dc_1805a11d632_7200"},{"type":"Feature","properties":{"median_tot_hhd_inc_weekly":1220,"median_mortgage_repay_monthly":1517,"median_rent_weekly":319,"sa2_main16":"212041318","median_tot_fam_inc_weekly":1208,"median_tot_prsnl_inc_weekly":449},"id":"sa2_g02_selected_medians_and_averages_census_2016.fid--2c16d5dc_1805a11d632_7201"},{"type":"Feature","properties":{"median_tot_hhd_inc_weekly":1102,"median_mortgage_repay_monthly":1500,"median_rent_weekly":300,"sa2_main16":"212041460","median_tot_fam_inc_weekly":1189,"median_tot_prsnl_inc_weekly":460},"id":"sa2_g02_selected_medians_and_averages_census_2016.fid--2c16d5dc_1805a11d632_7202"},{"type":"Feature","properties":{"median_tot_hhd_inc_weekly":1554,"median_mortgage_repay_monthly":2000,"median_rent_weekly":375,"sa2_main16":"212051319","median_tot_fam_inc_weekly":1942,"median_tot_prsnl_inc_weekly":648},"id":"sa2_g02_selected_medians_and_averages_census_2016.fid--2c16d5dc_1805a11d632_7203"},{"type":"Feature","properties":{"median_tot_hhd_inc_weekly":1070,"median_mortgage_repay_monthly":1800,"median_rent_weekly":360,"sa2_main16":"212051320","median_tot_fam_inc_weekly":1373,"median_tot_prsnl_inc_weekly":349},"id":"sa2_g02_selected_medians_and_averages_census_2016.fid--2c16d5dc_1805a11d632_7204"},{"type":"Feature","properties":{"median_tot_hhd_inc_weekly":1564,"median_mortgage_repay_monthly":2000,"median_rent_weekly":441,"sa2_main16":"212051321","median_tot_fam_inc_weekly":1799,"median_tot_prsnl_inc_weekly":569},"id":"sa2_g02_selected_medians_and_averages_census_2016.fid--2c16d5dc_1805a11d632_7205"},{"type":"Feature","properties":{"median_tot_hhd_inc_weekly":1541,"median_mortgage_repay_monthly":2000,"median_rent_weekly":420,"sa2_main16":"212051322","median_tot_fam_inc_weekly":1756,"median_tot_prsnl_inc_weekly":552},"id":"sa2_g02_selected_medians_and_averages_census_2016.fid--2c16d5dc_1805a11d632_7206"},{"type":"Feature","properties":{"median_tot_hhd_inc_weekly":1628,"median_mortgage_repay_monthly":2000,"median_rent_weekly":421,"sa2_main16":"212051323","median_tot_fam_inc_weekly":1902,"median_tot_prsnl_inc_weekly":631},"id":"sa2_g02_selected_medians_and_averages_census_2016.fid--2c16d5dc_1805a11d632_7207"},{"type":"Feature","properties":{"median_tot_hhd_inc_weekly":1655,"median_mortgage_repay_monthly":2000,"median_rent_weekly":420,"sa2_main16":"212051324","median_tot_fam_inc_weekly":1968,"median_tot_prsnl_inc_weekly":660},"id":"sa2_g02_selected_medians_and_averages_census_2016.fid--2c16d5dc_1805a11d632_7208"},{"type":"Feature","properties":{"median_tot_hhd_inc_weekly":1572,"median_mortgage_repay_monthly":1950,"median_rent_weekly":381,"sa2_main16":"212051325","median_tot_fam_inc_weekly":1732,"median_tot_prsnl_inc_weekly":609},"id":"sa2_g02_selected_medians_and_averages_census_2016.fid--2c16d5dc_1805a11d632_7209"},{"type":"Feature","properties":{"median_tot_hhd_inc_weekly":1520,"median_mortgage_repay_monthly":2000,"median_rent_weekly":371,"sa2_main16":"212051326","median_tot_fam_inc_weekly":1845,"median_tot_prsnl_inc_weekly":632},"id":"sa2_g02_selected_medians_and_averages_census_2016.fid--2c16d5dc_1805a11d632_720a"},{"type":"Feature","properties":{"median_tot_hhd_inc_weekly":1670,"median_mortgage_repay_monthly":2000,"median_rent_weekly":420,"sa2_main16":"212051327","median_tot_fam_inc_weekly":1886,"median_tot_prsnl_inc_weekly":624},"id":"sa2_g02_selected_medians_and_averages_census_2016.fid--2c16d5dc_1805a11d632_720b"},{"type":"Feature","properties":{"median_tot_hhd_inc_weekly":1071,"median_mortgage_repay_monthly":1500,"median_rent_weekly":275,"sa2_main16":"213011328","median_tot_fam_inc_weekly":1296,"median_tot_prsnl_inc_weekly":515},"id":"sa2_g02_selected_medians_and_averages_census_2016.fid--2c16d5dc_1805a11d632_720c"},{"type":"Feature","properties":{"median_tot_hhd_inc_weekly":1748,"median_mortgage_repay_monthly":1850,"median_rent_weekly":369,"sa2_main16":"213011329","median_tot_fam_inc_weekly":1635,"median_tot_prsnl_inc_weekly":549},"id":"sa2_g02_selected_medians_and_averages_census_2016.fid--2c16d5dc_1805a11d632_720d"},{"type":"Feature","properties":{"median_tot_hhd_inc_weekly":1379,"median_mortgage_repay_monthly":1538,"median_rent_weekly":320,"sa2_main16":"213011332","median_tot_fam_inc_weekly":1490,"median_tot_prsnl_inc_weekly":520},"id":"sa2_g02_selected_medians_and_averages_census_2016.fid--2c16d5dc_1805a11d632_720e"},{"type":"Feature","properties":{"median_tot_hhd_inc_weekly":1403,"median_mortgage_repay_monthly":1733,"median_rent_weekly":320,"sa2_main16":"213011330","median_tot_fam_inc_weekly":1454,"median_tot_prsnl_inc_weekly":576},"id":"sa2_g02_selected_medians_and_averages_census_2016.fid--2c16d5dc_1805a11d632_720f"},{"type":"Feature","properties":{"median_tot_hhd_inc_weekly":1290,"median_mortgage_repay_monthly":1500,"median_rent_weekly":300,"sa2_main16":"213011331","median_tot_fam_inc_weekly":1404,"median_tot_prsnl_inc_weekly":482},"id":"sa2_g02_selected_medians_and_averages_census_2016.fid--2c16d5dc_1805a11d632_7210"},{"type":"Feature","properties":{"median_tot_hhd_inc_weekly":1074,"median_mortgage_repay_monthly":1400,"median_rent_weekly":290,"sa2_main16":"213011333","median_tot_fam_inc_weekly":1116,"median_tot_prsnl_inc_weekly":426},"id":"sa2_g02_selected_medians_and_averages_census_2016.fid--2c16d5dc_1805a11d632_7211"},{"type":"Feature","properties":{"median_tot_hhd_inc_weekly":990,"median_mortgage_repay_monthly":1400,"median_rent_weekly":288,"sa2_main16":"213011334","median_tot_fam_inc_weekly":1087,"median_tot_prsnl_inc_weekly":427},"id":"sa2_g02_selected_medians_and_averages_census_2016.fid--2c16d5dc_1805a11d632_7212"},{"type":"Feature","properties":{"median_tot_hhd_inc_weekly":1274,"median_mortgage_repay_monthly":2000,"median_rent_weekly":340,"sa2_main16":"213021343","median_tot_fam_inc_weekly":1511,"median_tot_prsnl_inc_weekly":539},"id":"sa2_g02_selected_medians_and_averages_census_2016.fid--2c16d5dc_1805a11d632_7213"},{"type":"Feature","properties":{"median_tot_hhd_inc_weekly":1037,"median_mortgage_repay_monthly":1500,"median_rent_weekly":280,"sa2_main16":"213011335","median_tot_fam_inc_weekly":1092,"median_tot_prsnl_inc_weekly":404},"id":"sa2_g02_selected_medians_and_averages_census_2016.fid--2c16d5dc_1805a11d632_7214"},{"type":"Feature","properties":{"median_tot_hhd_inc_weekly":1094,"median_mortgage_repay_monthly":1600,"median_rent_weekly":300,"sa2_main16":"213011337","median_tot_fam_inc_weekly":1166,"median_tot_prsnl_inc_weekly":441},"id":"sa2_g02_selected_medians_and_averages_census_2016.fid--2c16d5dc_1805a11d632_7215"},{"type":"Feature","properties":{"median_tot_hhd_inc_weekly":1185,"median_mortgage_repay_monthly":1600,"median_rent_weekly":300,"sa2_main16":"213011336","median_tot_fam_inc_weekly":1305,"median_tot_prsnl_inc_weekly":494},"id":"sa2_g02_selected_medians_and_averages_census_2016.fid--2c16d5dc_1805a11d632_7216"},{"type":"Feature","properties":{"median_tot_hhd_inc_weekly":1527,"median_mortgage_repay_monthly":1517,"median_rent_weekly":330,"sa2_main16":"213011339","median_tot_fam_inc_weekly":1649,"median_tot_prsnl_inc_weekly":601},"id":"sa2_g02_selected_medians_and_averages_census_2016.fid--2c16d5dc_1805a11d632_7217"},{"type":"Feature","properties":{"median_tot_hhd_inc_weekly":1147,"median_mortgage_repay_monthly":1500,"median_rent_weekly":300,"sa2_main16":"213011338","median_tot_fam_inc_weekly":1214,"median_tot_prsnl_inc_weekly":445},"id":"sa2_g02_selected_medians_and_averages_census_2016.fid--2c16d5dc_1805a11d632_7218"},{"type":"Feature","properties":{"median_tot_hhd_inc_weekly":1847,"median_mortgage_repay_monthly":1700,"median_rent_weekly":363,"sa2_main16":"213011340","median_tot_fam_inc_weekly":1960,"median_tot_prsnl_inc_weekly":644},"id":"sa2_g02_selected_medians_and_averages_census_2016.fid--2c16d5dc_1805a11d632_7219"},{"type":"Feature","properties":{"median_tot_hhd_inc_weekly":1440,"median_mortgage_repay_monthly":2000,"median_rent_weekly":335,"sa2_main16":"213021341","median_tot_fam_inc_weekly":1953,"median_tot_prsnl_inc_weekly":734},"id":"sa2_g02_selected_medians_and_averages_census_2016.fid--2c16d5dc_1805a11d632_721a"},{"type":"Feature","properties":{"median_tot_hhd_inc_weekly":2071,"median_mortgage_repay_monthly":2167,"median_rent_weekly":400,"sa2_main16":"213021344","median_tot_fam_inc_weekly":2484,"median_tot_prsnl_inc_weekly":961},"id":"sa2_g02_selected_medians_and_averages_census_2016.fid--2c16d5dc_1805a11d632_721b"},{"type":"Feature","properties":{"median_tot_hhd_inc_weekly":1676,"median_mortgage_repay_monthly":1600,"median_rent_weekly":325,"sa2_main16":"213021345","median_tot_fam_inc_weekly":1777,"median_tot_prsnl_inc_weekly":684},"id":"sa2_g02_selected_medians_and_averages_census_2016.fid--2c16d5dc_1805a11d632_721c"},{"type":"Feature","properties":{"median_tot_hhd_inc_weekly":2007,"median_mortgage_repay_monthly":2210,"median_rent_weekly":370,"sa2_main16":"213021346","median_tot_fam_inc_weekly":2606,"median_tot_prsnl_inc_weekly":885},"id":"sa2_g02_selected_medians_and_averages_census_2016.fid--2c16d5dc_1805a11d632_721d"},{"type":"Feature","properties":{"median_tot_hhd_inc_weekly":1449,"median_mortgage_repay_monthly":1950,"median_rent_weekly":301,"sa2_main16":"213031351","median_tot_fam_inc_weekly":1843,"median_tot_prsnl_inc_weekly":694},"id":"sa2_g02_selected_medians_and_averages_census_2016.fid--2c16d5dc_1805a11d632_721e"},{"type":"Feature","properties":{"median_tot_hhd_inc_weekly":1232,"median_mortgage_repay_monthly":1800,"median_rent_weekly":300,"sa2_main16":"213031347","median_tot_fam_inc_weekly":1382,"median_tot_prsnl_inc_weekly":495},"id":"sa2_g02_selected_medians_and_averages_census_2016.fid--2c16d5dc_1805a11d632_721f"},{"type":"Feature","properties":{"median_tot_hhd_inc_weekly":1314,"median_mortgage_repay_monthly":1842,"median_rent_weekly":310,"sa2_main16":"213031348","median_tot_fam_inc_weekly":1660,"median_tot_prsnl_inc_weekly":623},"id":"sa2_g02_selected_medians_and_averages_census_2016.fid--2c16d5dc_1805a11d632_7220"},{"type":"Feature","properties":{"median_tot_hhd_inc_weekly":1765,"median_mortgage_repay_monthly":2000,"median_rent_weekly":380,"sa2_main16":"213031349","median_tot_fam_inc_weekly":2024,"median_tot_prsnl_inc_weekly":779},"id":"sa2_g02_selected_medians_and_averages_census_2016.fid--2c16d5dc_1805a11d632_7221"},{"type":"Feature","properties":{"median_tot_hhd_inc_weekly":1861,"median_mortgage_repay_monthly":2167,"median_rent_weekly":345,"sa2_main16":"213031350","median_tot_fam_inc_weekly":2386,"median_tot_prsnl_inc_weekly":904},"id":"sa2_g02_selected_medians_and_averages_census_2016.fid--2c16d5dc_1805a11d632_7222"},{"type":"Feature","properties":{"median_tot_hhd_inc_weekly":2043,"median_mortgage_repay_monthly":2167,"median_rent_weekly":400,"sa2_main16":"213031352","median_tot_fam_inc_weekly":2513,"median_tot_prsnl_inc_weekly":923},"id":"sa2_g02_selected_medians_and_averages_census_2016.fid--2c16d5dc_1805a11d632_7223"},{"type":"Feature","properties":{"median_tot_hhd_inc_weekly":1427,"median_mortgage_repay_monthly":1600,"median_rent_weekly":270,"sa2_main16":"213041353","median_tot_fam_inc_weekly":1708,"median_tot_prsnl_inc_weekly":652},"id":"sa2_g02_selected_medians_and_averages_census_2016.fid--2c16d5dc_1805a11d632_7224"},{"type":"Feature","properties":{"median_tot_hhd_inc_weekly":1874,"median_mortgage_repay_monthly":1900,"median_rent_weekly":346,"sa2_main16":"213041355","median_tot_fam_inc_weekly":1945,"median_tot_prsnl_inc_weekly":732},"id":"sa2_g02_selected_medians_and_averages_census_2016.fid--2c16d5dc_1805a11d632_7225"},{"type":"Feature","properties":{"median_tot_hhd_inc_weekly":1180,"median_mortgage_repay_monthly":1385,"median_rent_weekly":260,"sa2_main16":"213041356","median_tot_fam_inc_weekly":1361,"median_tot_prsnl_inc_weekly":547},"id":"sa2_g02_selected_medians_and_averages_census_2016.fid--2c16d5dc_1805a11d632_7226"},{"type":"Feature","properties":{"median_tot_hhd_inc_weekly":1338,"median_mortgage_repay_monthly":1517,"median_rent_weekly":286,"sa2_main16":"213041357","median_tot_fam_inc_weekly":1501,"median_tot_prsnl_inc_weekly":615},"id":"sa2_g02_selected_medians_and_averages_census_2016.fid--2c16d5dc_1805a11d632_7227"},{"type":"Feature","properties":{"median_tot_hhd_inc_weekly":1426,"median_mortgage_repay_monthly":1517,"median_rent_weekly":290,"sa2_main16":"213041358","median_tot_fam_inc_weekly":1543,"median_tot_prsnl_inc_weekly":645},"id":"sa2_g02_selected_medians_and_averages_census_2016.fid--2c16d5dc_1805a11d632_7228"},{"type":"Feature","properties":{"median_tot_hhd_inc_weekly":1119,"median_mortgage_repay_monthly":1300,"median_rent_weekly":210,"sa2_main16":"213041359","median_tot_fam_inc_weekly":1320,"median_tot_prsnl_inc_weekly":512},"id":"sa2_g02_selected_medians_and_averages_census_2016.fid--2c16d5dc_1805a11d632_7229"},{"type":"Feature","properties":{"median_tot_hhd_inc_weekly":1890,"median_mortgage_repay_monthly":2000,"median_rent_weekly":369,"sa2_main16":"213041360","median_tot_fam_inc_weekly":1918,"median_tot_prsnl_inc_weekly":708},"id":"sa2_g02_selected_medians_and_averages_census_2016.fid--2c16d5dc_1805a11d632_722a"},{"type":"Feature","properties":{"median_tot_hhd_inc_weekly":1412,"median_mortgage_repay_monthly":1733,"median_rent_weekly":350,"sa2_main16":"213041461","median_tot_fam_inc_weekly":1520,"median_tot_prsnl_inc_weekly":542},"id":"sa2_g02_selected_medians_and_averages_census_2016.fid--2c16d5dc_1805a11d632_722b"},{"type":"Feature","properties":{"median_tot_hhd_inc_weekly":1324,"median_mortgage_repay_monthly":1404,"median_rent_weekly":295,"sa2_main16":"213051362","median_tot_fam_inc_weekly":1420,"median_tot_prsnl_inc_weekly":537},"id":"sa2_g02_selected_medians_and_averages_census_2016.fid--2c16d5dc_1805a11d632_722c"},{"type":"Feature","properties":{"median_tot_hhd_inc_weekly":1841,"median_mortgage_repay_monthly":2000,"median_rent_weekly":369,"sa2_main16":"213041462","median_tot_fam_inc_weekly":1789,"median_tot_prsnl_inc_weekly":698},"id":"sa2_g02_selected_medians_and_averages_census_2016.fid--2c16d5dc_1805a11d632_722d"},{"type":"Feature","properties":{"median_tot_hhd_inc_weekly":1819,"median_mortgage_repay_monthly":1950,"median_rent_weekly":365,"sa2_main16":"213041463","median_tot_fam_inc_weekly":1923,"median_tot_prsnl_inc_weekly":739},"id":"sa2_g02_selected_medians_and_averages_census_2016.fid--2c16d5dc_1805a11d632_722e"},{"type":"Feature","properties":{"median_tot_hhd_inc_weekly":1493,"median_mortgage_repay_monthly":1500,"median_rent_weekly":300,"sa2_main16":"213051361","median_tot_fam_inc_weekly":1621,"median_tot_prsnl_inc_weekly":620},"id":"sa2_g02_selected_medians_and_averages_census_2016.fid--2c16d5dc_1805a11d632_722f"},{"type":"Feature","properties":{"median_tot_hhd_inc_weekly":1587,"median_mortgage_repay_monthly":1900,"median_rent_weekly":312,"sa2_main16":"213051363","median_tot_fam_inc_weekly":1674,"median_tot_prsnl_inc_weekly":640},"id":"sa2_g02_selected_medians_and_averages_census_2016.fid--2c16d5dc_1805a11d632_7230"},{"type":"Feature","properties":{"median_tot_hhd_inc_weekly":1718,"median_mortgage_repay_monthly":1820,"median_rent_weekly":330,"sa2_main16":"213051365","median_tot_fam_inc_weekly":1703,"median_tot_prsnl_inc_weekly":715},"id":"sa2_g02_selected_medians_and_averages_census_2016.fid--2c16d5dc_1805a11d632_7231"},{"type":"Feature","properties":{"median_tot_hhd_inc_weekly":1744,"median_mortgage_repay_monthly":1846,"median_rent_weekly":340,"sa2_main16":"213051366","median_tot_fam_inc_weekly":1713,"median_tot_prsnl_inc_weekly":753},"id":"sa2_g02_selected_medians_and_averages_census_2016.fid--2c16d5dc_1805a11d632_7232"},{"type":"Feature","properties":{"median_tot_hhd_inc_weekly":1313,"median_mortgage_repay_monthly":1557,"median_rent_weekly":281,"sa2_main16":"213051368","median_tot_fam_inc_weekly":1616,"median_tot_prsnl_inc_weekly":630},"id":"sa2_g02_selected_medians_and_averages_census_2016.fid--2c16d5dc_1805a11d632_7233"},{"type":"Feature","properties":{"median_tot_hhd_inc_weekly":1511,"median_mortgage_repay_monthly":1600,"median_rent_weekly":301,"sa2_main16":"213051369","median_tot_fam_inc_weekly":1604,"median_tot_prsnl_inc_weekly":693},"id":"sa2_g02_selected_medians_and_averages_census_2016.fid--2c16d5dc_1805a11d632_7234"},{"type":"Feature","properties":{"median_tot_hhd_inc_weekly":2131,"median_mortgage_repay_monthly":2167,"median_rent_weekly":381,"sa2_main16":"213051464","median_tot_fam_inc_weekly":2156,"median_tot_prsnl_inc_weekly":839},"id":"sa2_g02_selected_medians_and_averages_census_2016.fid--2c16d5dc_1805a11d632_7235"},{"type":"Feature","properties":{"median_tot_hhd_inc_weekly":1968,"median_mortgage_repay_monthly":1915,"median_rent_weekly":361,"sa2_main16":"213051465","median_tot_fam_inc_weekly":2035,"median_tot_prsnl_inc_weekly":778},"id":"sa2_g02_selected_medians_and_averages_census_2016.fid--2c16d5dc_1805a11d632_7236"},{"type":"Feature","properties":{"median_tot_hhd_inc_weekly":1198,"median_mortgage_repay_monthly":1387,"median_rent_weekly":277,"sa2_main16":"213051467","median_tot_fam_inc_weekly":1353,"median_tot_prsnl_inc_weekly":528},"id":"sa2_g02_selected_medians_and_averages_census_2016.fid--2c16d5dc_1805a11d632_7237"},{"type":"Feature","properties":{"median_tot_hhd_inc_weekly":1496,"median_mortgage_repay_monthly":1500,"median_rent_weekly":280,"sa2_main16":"213051468","median_tot_fam_inc_weekly":1723,"median_tot_prsnl_inc_weekly":672},"id":"sa2_g02_selected_medians_and_averages_census_2016.fid--2c16d5dc_1805a11d632_7238"},{"type":"Feature","properties":{"median_tot_hhd_inc_weekly":1339,"median_mortgage_repay_monthly":1517,"median_rent_weekly":325,"sa2_main16":"214011370","median_tot_fam_inc_weekly":1533,"median_tot_prsnl_inc_weekly":671},"id":"sa2_g02_selected_medians_and_averages_census_2016.fid--2c16d5dc_1805a11d632_7239"},{"type":"Feature","properties":{"median_tot_hhd_inc_weekly":1099,"median_mortgage_repay_monthly":1517,"median_rent_weekly":286,"sa2_main16":"214011371","median_tot_fam_inc_weekly":1448,"median_tot_prsnl_inc_weekly":607},"id":"sa2_g02_selected_medians_and_averages_census_2016.fid--2c16d5dc_1805a11d632_723a"},{"type":"Feature","properties":{"median_tot_hhd_inc_weekly":1043,"median_mortgage_repay_monthly":1340,"median_rent_weekly":290,"sa2_main16":"214011372","median_tot_fam_inc_weekly":1267,"median_tot_prsnl_inc_weekly":531},"id":"sa2_g02_selected_medians_and_averages_census_2016.fid--2c16d5dc_1805a11d632_723b"},{"type":"Feature","properties":{"median_tot_hhd_inc_weekly":1617,"median_mortgage_repay_monthly":1950,"median_rent_weekly":355,"sa2_main16":"214011373","median_tot_fam_inc_weekly":2052,"median_tot_prsnl_inc_weekly":706},"id":"sa2_g02_selected_medians_and_averages_census_2016.fid--2c16d5dc_1805a11d632_723c"},{"type":"Feature","properties":{"median_tot_hhd_inc_weekly":1595,"median_mortgage_repay_monthly":1720,"median_rent_weekly":320,"sa2_main16":"214011374","median_tot_fam_inc_weekly":1868,"median_tot_prsnl_inc_weekly":719},"id":"sa2_g02_selected_medians_and_averages_census_2016.fid--2c16d5dc_1805a11d632_723d"},{"type":"Feature","properties":{"median_tot_hhd_inc_weekly":1208,"median_mortgage_repay_monthly":1600,"median_rent_weekly":300,"sa2_main16":"214011375","median_tot_fam_inc_weekly":1611,"median_tot_prsnl_inc_weekly":664},"id":"sa2_g02_selected_medians_and_averages_census_2016.fid--2c16d5dc_1805a11d632_723e"},{"type":"Feature","properties":{"median_tot_hhd_inc_weekly":1914,"median_mortgage_repay_monthly":1867,"median_rent_weekly":400,"sa2_main16":"214011376","median_tot_fam_inc_weekly":2031,"median_tot_prsnl_inc_weekly":780},"id":"sa2_g02_selected_medians_and_averages_census_2016.fid--2c16d5dc_1805a11d632_723f"},{"type":"Feature","properties":{"median_tot_hhd_inc_weekly":1157,"median_mortgage_repay_monthly":1733,"median_rent_weekly":330,"sa2_main16":"214021377","median_tot_fam_inc_weekly":1426,"median_tot_prsnl_inc_weekly":596},"id":"sa2_g02_selected_medians_and_averages_census_2016.fid--2c16d5dc_1805a11d632_7240"},{"type":"Feature","properties":{"median_tot_hhd_inc_weekly":1715,"median_mortgage_repay_monthly":2000,"median_rent_weekly":300,"sa2_main16":"214021378","median_tot_fam_inc_weekly":1937,"median_tot_prsnl_inc_weekly":773},"id":"sa2_g02_selected_medians_and_averages_census_2016.fid--2c16d5dc_1805a11d632_7241"},{"type":"Feature","properties":{"median_tot_hhd_inc_weekly":1175,"median_mortgage_repay_monthly":1573,"median_rent_weekly":280,"sa2_main16":"214021379","median_tot_fam_inc_weekly":1453,"median_tot_prsnl_inc_weekly":628},"id":"sa2_g02_selected_medians_and_averages_census_2016.fid--2c16d5dc_1805a11d632_7242"},{"type":"Feature","properties":{"median_tot_hhd_inc_weekly":1203,"median_mortgage_repay_monthly":1733,"median_rent_weekly":335,"sa2_main16":"214021380","median_tot_fam_inc_weekly":1584,"median_tot_prsnl_inc_weekly":625},"id":"sa2_g02_selected_medians_and_averages_census_2016.fid--2c16d5dc_1805a11d632_7243"},{"type":"Feature","properties":{"median_tot_hhd_inc_weekly":2030,"median_mortgage_repay_monthly":2200,"median_rent_weekly":428,"sa2_main16":"214021381","median_tot_fam_inc_weekly":2353,"median_tot_prsnl_inc_weekly":760},"id":"sa2_g02_selected_medians_and_averages_census_2016.fid--2c16d5dc_1805a11d632_7244"},{"type":"Feature","properties":{"median_tot_hhd_inc_weekly":1707,"median_mortgage_repay_monthly":2000,"median_rent_weekly":400,"sa2_main16":"214021382","median_tot_fam_inc_weekly":2036,"median_tot_prsnl_inc_weekly":727},"id":"sa2_g02_selected_medians_and_averages_census_2016.fid--2c16d5dc_1805a11d632_7245"},{"type":"Feature","properties":{"median_tot_hhd_inc_weekly":1096,"median_mortgage_repay_monthly":1635,"median_rent_weekly":300,"sa2_main16":"214021383","median_tot_fam_inc_weekly":1384,"median_tot_prsnl_inc_weekly":593},"id":"sa2_g02_selected_medians_and_averages_census_2016.fid--2c16d5dc_1805a11d632_7246"},{"type":"Feature","properties":{"median_tot_hhd_inc_weekly":930,"median_mortgage_repay_monthly":1517,"median_rent_weekly":285,"sa2_main16":"214021384","median_tot_fam_inc_weekly":1242,"median_tot_prsnl_inc_weekly":511},"id":"sa2_g02_selected_medians_and_averages_census_2016.fid--2c16d5dc_1805a11d632_7247"},{"type":"Feature","properties":{"median_tot_hhd_inc_weekly":1479,"median_mortgage_repay_monthly":1600,"median_rent_weekly":323,"sa2_main16":"214021385","median_tot_fam_inc_weekly":1722,"median_tot_prsnl_inc_weekly":667},"id":"sa2_g02_selected_medians_and_averages_census_2016.fid--2c16d5dc_1805a11d632_7248"}]}